batch_size,epoch,rank,batch,fwd_start, fwd_data_rcvd, fwd_calc_done, fwd_end, bwd_start, bwd_data_rcvd, bwd_calc_done, bwd_end, opt_start, opt_end
512, 0, 0, 0, 1591153607.243, 1591153619.264, 1591153624.159, 1591153624.159, 1591153624.455, 1591153625.089, 1591153633.108, 1591153633.108, 1591153633.11, 1591153633.113
512, 0, 0, 1, 1591153624.159, 1591153624.255, 1591153624.278, 1591153624.306, 1591153633.36, 1591153633.36, 1591153633.84, 1591153633.84, 1591153633.841, 1591153633.843
512, 0, 0, 2, 1591153633.113, 1591153633.114, 1591153633.171, 1591153633.171, 1591153634.107, 1591153634.107, 1591153634.534, 1591153634.534, 1591153634.535, 1591153634.537
512, 0, 0, 3, 1591153633.843, 1591153633.843, 1591153633.848, 1591153633.86, 1591153634.8, 1591153634.8, 1591153635.22, 1591153635.22, 1591153635.221, 1591153635.223
512, 0, 0, 4, 1591153634.537, 1591153634.537, 1591153634.543, 1591153634.543, 1591153635.488, 1591153635.488, 1591153635.934, 1591153635.934, 1591153635.935, 1591153635.937
512, 0, 0, 5, 1591153635.223, 1591153635.223, 1591153635.228, 1591153635.228, 1591153636.207, 1591153636.207, 1591153636.62, 1591153636.62, 1591153636.621, 1591153636.623
512, 0, 0, 6, 1591153635.937, 1591153635.943, 1591153635.95, 1591153635.95, 1591153636.889, 1591153636.89, 1591153637.321, 1591153637.321, 1591153637.322, 1591153637.324
512, 0, 0, 7, 1591153636.623, 1591153636.624, 1591153636.629, 1591153636.629, 1591153637.331, 1591153637.331, 1591153638.021, 1591153638.021, 1591153638.022, 1591153638.024
512, 0, 0, 8, 1591153637.324, 1591153637.324, 1591153637.33, 1591153637.33, 1591153638.294, 1591153638.294, 1591153638.723, 1591153638.723, 1591153638.724, 1591153638.726
512, 0, 0, 9, 1591153638.024, 1591153638.024, 1591153638.03, 1591153638.03, 1591153638.977, 1591153638.977, 1591153639.421, 1591153639.421, 1591153639.421, 1591153639.424
512, 0, 0, 10, 1591153638.726, 1591153638.726, 1591153638.732, 1591153638.732, 1591153639.692, 1591153639.692, 1591153640.134, 1591153640.134, 1591153640.135, 1591153640.138
512, 0, 0, 11, 1591153639.424, 1591153639.424, 1591153639.428, 1591153639.429, 1591153640.407, 1591153640.407, 1591153640.85, 1591153640.85, 1591153640.851, 1591153640.853
512, 0, 0, 12, 1591153640.138, 1591153640.138, 1591153640.144, 1591153640.144, 1591153641.107, 1591153641.107, 1591153641.53, 1591153641.53, 1591153641.532, 1591153641.534
512, 0, 0, 13, 1591153640.853, 1591153640.853, 1591153640.858, 1591153640.859, 1591153641.803, 1591153641.803, 1591153642.217, 1591153642.217, 1591153642.219, 1591153642.221
512, 0, 0, 14, 1591153641.534, 1591153641.534, 1591153641.557, 1591153641.567, 1591153642.484, 1591153642.484, 1591153642.919, 1591153642.919, 1591153642.921, 1591153642.923
512, 0, 0, 15, 1591153642.221, 1591153642.221, 1591153642.227, 1591153642.227, 1591153643.174, 1591153643.175, 1591153643.799, 1591153643.799, 1591153643.8, 1591153643.803
512, 0, 0, 16, 1591153642.923, 1591153642.923, 1591153642.929, 1591153642.929, 1591153644.056, 1591153644.056, 1591153644.435, 1591153644.435, 1591153644.437, 1591153644.439
512, 0, 0, 17, 1591153643.803, 1591153643.803, 1591153643.81, 1591153643.81, 1591153644.707, 1591153644.707, 1591153645.133, 1591153645.133, 1591153645.134, 1591153645.136
512, 0, 0, 18, 1591153644.439, 1591153644.439, 1591153644.445, 1591153644.445, 1591153645.41, 1591153645.41, 1591153645.823, 1591153645.823, 1591153645.826, 1591153645.829
512, 0, 0, 19, 1591153645.136, 1591153645.136, 1591153645.142, 1591153645.152, 1591153646.086, 1591153646.086, 1591153646.547, 1591153646.547, 1591153646.549, 1591153646.551
512, 0, 0, 20, 1591153645.829, 1591153645.83, 1591153645.839, 1591153645.839, 1591153646.829, 1591153646.829, 1591153647.233, 1591153647.233, 1591153647.235, 1591153647.237
512, 0, 0, 21, 1591153646.551, 1591153646.551, 1591153646.557, 1591153646.558, 1591153647.238, 1591153647.238, 1591153647.25, 1591153647.25, 1591153647.251, 1591153647.253
512, 0, 0, 22, 0.0, 0.0, 0.0, 0.0, 0.0, 0.0, 0.0, 0.0, 0.0, 0.0
512, 0, 0, 23, 0.0, 0.0, 0.0, 0.0, 0.0, 0.0, 0.0, 0.0, 0.0, 0.0
512, 0, 0, 24, 0.0, 0.0, 0.0, 0.0, 0.0, 0.0, 0.0, 0.0, 0.0, 0.0
512, 0, 0, 25, 0.0, 0.0, 0.0, 0.0, 0.0, 0.0, 0.0, 0.0, 0.0, 0.0
512, 0, 0, 26, 0.0, 0.0, 0.0, 0.0, 0.0, 0.0, 0.0, 0.0, 0.0, 0.0
512, 0, 0, 27, 0.0, 0.0, 0.0, 0.0, 0.0, 0.0, 0.0, 0.0, 0.0, 0.0
512, 0, 0, 28, 0.0, 0.0, 0.0, 0.0, 0.0, 0.0, 0.0, 0.0, 0.0, 0.0
512, 0, 0, 29, 0.0, 0.0, 0.0, 0.0, 0.0, 0.0, 0.0, 0.0, 0.0, 0.0
512, 0, 0, 30, 0.0, 0.0, 0.0, 0.0, 0.0, 0.0, 0.0, 0.0, 0.0, 0.0
512, 0, 0, 31, 0.0, 0.0, 0.0, 0.0, 0.0, 0.0, 0.0, 0.0, 0.0, 0.0
512, 0, 0, 32, 0.0, 0.0, 0.0, 0.0, 0.0, 0.0, 0.0, 0.0, 0.0, 0.0
512, 0, 0, 33, 0.0, 0.0, 0.0, 0.0, 0.0, 0.0, 0.0, 0.0, 0.0, 0.0
512, 0, 0, 34, 0.0, 0.0, 0.0, 0.0, 0.0, 0.0, 0.0, 0.0, 0.0, 0.0
512, 0, 0, 35, 0.0, 0.0, 0.0, 0.0, 0.0, 0.0, 0.0, 0.0, 0.0, 0.0
512, 0, 0, 36, 0.0, 0.0, 0.0, 0.0, 0.0, 0.0, 0.0, 0.0, 0.0, 0.0
512, 0, 0, 37, 0.0, 0.0, 0.0, 0.0, 0.0, 0.0, 0.0, 0.0, 0.0, 0.0
512, 0, 0, 38, 0.0, 0.0, 0.0, 0.0, 0.0, 0.0, 0.0, 0.0, 0.0, 0.0
512, 0, 0, 39, 0.0, 0.0, 0.0, 0.0, 0.0, 0.0, 0.0, 0.0, 0.0, 0.0
512, 0, 0, 40, 0.0, 0.0, 0.0, 0.0, 0.0, 0.0, 0.0, 0.0, 0.0, 0.0
512, 0, 0, 41, 0.0, 0.0, 0.0, 0.0, 0.0, 0.0, 0.0, 0.0, 0.0, 0.0
512, 0, 0, 42, 0.0, 0.0, 0.0, 0.0, 0.0, 0.0, 0.0, 0.0, 0.0, 0.0
512, 0, 0, 43, 0.0, 0.0, 0.0, 0.0, 0.0, 0.0, 0.0, 0.0, 0.0, 0.0
512, 0, 0, 44, 0.0, 0.0, 0.0, 0.0, 0.0, 0.0, 0.0, 0.0, 0.0, 0.0
512, 0, 0, 45, 0.0, 0.0, 0.0, 0.0, 0.0, 0.0, 0.0, 0.0, 0.0, 0.0
512, 0, 0, 46, 0.0, 0.0, 0.0, 0.0, 0.0, 0.0, 0.0, 0.0, 0.0, 0.0
512, 0, 0, 47, 0.0, 0.0, 0.0, 0.0, 0.0, 0.0, 0.0, 0.0, 0.0, 0.0
512, 0, 0, 48, 0.0, 0.0, 0.0, 0.0, 0.0, 0.0, 0.0, 0.0, 0.0, 0.0
512, 0, 0, 49, 0.0, 0.0, 0.0, 0.0, 0.0, 0.0, 0.0, 0.0, 0.0, 0.0
512, 0, 0, 50, 0.0, 0.0, 0.0, 0.0, 0.0, 0.0, 0.0, 0.0, 0.0, 0.0
512, 0, 0, 51, 0.0, 0.0, 0.0, 0.0, 0.0, 0.0, 0.0, 0.0, 0.0, 0.0
512, 0, 0, 52, 0.0, 0.0, 0.0, 0.0, 0.0, 0.0, 0.0, 0.0, 0.0, 0.0
512, 0, 0, 53, 0.0, 0.0, 0.0, 0.0, 0.0, 0.0, 0.0, 0.0, 0.0, 0.0
512, 0, 0, 54, 0.0, 0.0, 0.0, 0.0, 0.0, 0.0, 0.0, 0.0, 0.0, 0.0
512, 0, 0, 55, 0.0, 0.0, 0.0, 0.0, 0.0, 0.0, 0.0, 0.0, 0.0, 0.0
512, 0, 0, 56, 0.0, 0.0, 0.0, 0.0, 0.0, 0.0, 0.0, 0.0, 0.0, 0.0
512, 0, 0, 57, 0.0, 0.0, 0.0, 0.0, 0.0, 0.0, 0.0, 0.0, 0.0, 0.0
512, 0, 0, 58, 0.0, 0.0, 0.0, 0.0, 0.0, 0.0, 0.0, 0.0, 0.0, 0.0
512, 0, 0, 59, 0.0, 0.0, 0.0, 0.0, 0.0, 0.0, 0.0, 0.0, 0.0, 0.0
512, 0, 0, 60, 0.0, 0.0, 0.0, 0.0, 0.0, 0.0, 0.0, 0.0, 0.0, 0.0
512, 0, 0, 61, 0.0, 0.0, 0.0, 0.0, 0.0, 0.0, 0.0, 0.0, 0.0, 0.0
512, 0, 0, 62, 0.0, 0.0, 0.0, 0.0, 0.0, 0.0, 0.0, 0.0, 0.0, 0.0
512, 0, 0, 63, 0.0, 0.0, 0.0, 0.0, 0.0, 0.0, 0.0, 0.0, 0.0, 0.0
512, 0, 0, 64, 0.0, 0.0, 0.0, 0.0, 0.0, 0.0, 0.0, 0.0, 0.0, 0.0
512, 0, 0, 65, 0.0, 0.0, 0.0, 0.0, 0.0, 0.0, 0.0, 0.0, 0.0, 0.0
512, 0, 1, 0, 1591153607.348, 1591153616.52, 1591153624.08, 1591153624.085, 1591153624.373, 1591153625.244, 1591153633.108, 1591153633.108, 1591153633.11, 1591153633.112
512, 0, 1, 1, 1591153624.085, 1591153624.128, 1591153624.196, 1591153624.227, 1591153633.447, 1591153633.447, 1591153633.84, 1591153633.84, 1591153633.841, 1591153633.844
512, 0, 1, 2, 1591153633.112, 1591153633.113, 1591153633.171, 1591153633.171, 1591153633.852, 1591153633.852, 1591153634.534, 1591153634.534, 1591153634.535, 1591153634.537
512, 0, 1, 3, 1591153633.844, 1591153633.844, 1591153633.85, 1591153633.85, 1591153634.805, 1591153634.805, 1591153635.22, 1591153635.22, 1591153635.221, 1591153635.224
512, 0, 1, 4, 1591153634.537, 1591153634.537, 1591153634.543, 1591153634.543, 1591153635.233, 1591153635.446, 1591153635.934, 1591153635.934, 1591153635.935, 1591153635.937
512, 0, 1, 5, 1591153635.224, 1591153635.224, 1591153635.232, 1591153635.232, 1591153636.206, 1591153636.206, 1591153636.62, 1591153636.62, 1591153636.622, 1591153636.625
512, 0, 1, 6, 1591153635.937, 1591153635.938, 1591153635.943, 1591153635.943, 1591153636.634, 1591153636.634, 1591153637.324, 1591153637.324, 1591153637.326, 1591153637.329
512, 0, 1, 7, 1591153636.625, 1591153636.625, 1591153636.632, 1591153636.632, 1591153637.339, 1591153637.339, 1591153638.021, 1591153638.021, 1591153638.022, 1591153638.025
512, 0, 1, 8, 1591153637.329, 1591153637.329, 1591153637.337, 1591153637.337, 1591153638.302, 1591153638.302, 1591153638.723, 1591153638.723, 1591153638.725, 1591153638.728
512, 0, 1, 9, 1591153638.025, 1591153638.025, 1591153638.032, 1591153638.032, 1591153639.003, 1591153639.003, 1591153639.421, 1591153639.421, 1591153639.422, 1591153639.425
512, 0, 1, 10, 1591153638.728, 1591153638.728, 1591153638.735, 1591153638.735, 1591153639.738, 1591153639.738, 1591153640.134, 1591153640.134, 1591153640.136, 1591153640.139
512, 0, 1, 11, 1591153639.425, 1591153639.425, 1591153639.432, 1591153639.432, 1591153640.412, 1591153640.412, 1591153640.85, 1591153640.85, 1591153640.851, 1591153640.853
512, 0, 1, 12, 1591153640.139, 1591153640.139, 1591153640.146, 1591153640.146, 1591153641.126, 1591153641.126, 1591153641.537, 1591153641.537, 1591153641.539, 1591153641.542
512, 0, 1, 13, 1591153640.853, 1591153640.853, 1591153640.859, 1591153640.859, 1591153641.553, 1591153641.553, 1591153642.225, 1591153642.225, 1591153642.227, 1591153642.23
512, 0, 1, 14, 1591153641.542, 1591153641.542, 1591153641.551, 1591153641.551, 1591153642.504, 1591153642.504, 1591153642.953, 1591153642.953, 1591153642.954, 1591153642.958
512, 0, 1, 15, 1591153642.23, 1591153642.23, 1591153642.237, 1591153642.238, 1591153643.211, 1591153643.211, 1591153643.669, 1591153643.669, 1591153643.67, 1591153643.673
512, 0, 1, 16, 1591153642.958, 1591153642.958, 1591153642.966, 1591153642.967, 1591153643.957, 1591153643.967, 1591153644.435, 1591153644.435, 1591153644.437, 1591153644.439
512, 0, 1, 17, 1591153643.673, 1591153643.673, 1591153643.679, 1591153643.679, 1591153644.718, 1591153644.718, 1591153645.133, 1591153645.133, 1591153645.134, 1591153645.136
512, 0, 1, 18, 1591153644.439, 1591153644.44, 1591153644.449, 1591153644.491, 1591153645.412, 1591153645.412, 1591153645.828, 1591153645.828, 1591153645.83, 1591153645.832
512, 0, 1, 19, 1591153645.136, 1591153645.136, 1591153645.142, 1591153645.142, 1591153646.115, 1591153646.115, 1591153646.547, 1591153646.547, 1591153646.548, 1591153646.551
512, 0, 1, 20, 1591153645.832, 1591153645.833, 1591153645.839, 1591153645.839, 1591153646.56, 1591153646.56, 1591153647.233, 1591153647.233, 1591153647.235, 1591153647.238
512, 0, 1, 21, 1591153646.551, 1591153646.551, 1591153646.557, 1591153646.558, 1591153647.24, 1591153647.24, 1591153647.258, 1591153647.258, 1591153647.259, 1591153647.262
512, 0, 1, 22, 0.0, 0.0, 0.0, 0.0, 0.0, 0.0, 0.0, 0.0, 0.0, 0.0
512, 0, 1, 23, 0.0, 0.0, 0.0, 0.0, 0.0, 0.0, 0.0, 0.0, 0.0, 0.0
512, 0, 1, 24, 0.0, 0.0, 0.0, 0.0, 0.0, 0.0, 0.0, 0.0, 0.0, 0.0
512, 0, 1, 25, 0.0, 0.0, 0.0, 0.0, 0.0, 0.0, 0.0, 0.0, 0.0, 0.0
512, 0, 1, 26, 0.0, 0.0, 0.0, 0.0, 0.0, 0.0, 0.0, 0.0, 0.0, 0.0
512, 0, 1, 27, 0.0, 0.0, 0.0, 0.0, 0.0, 0.0, 0.0, 0.0, 0.0, 0.0
512, 0, 1, 28, 0.0, 0.0, 0.0, 0.0, 0.0, 0.0, 0.0, 0.0, 0.0, 0.0
512, 0, 1, 29, 0.0, 0.0, 0.0, 0.0, 0.0, 0.0, 0.0, 0.0, 0.0, 0.0
512, 0, 1, 30, 0.0, 0.0, 0.0, 0.0, 0.0, 0.0, 0.0, 0.0, 0.0, 0.0
512, 0, 1, 31, 0.0, 0.0, 0.0, 0.0, 0.0, 0.0, 0.0, 0.0, 0.0, 0.0
512, 0, 1, 32, 0.0, 0.0, 0.0, 0.0, 0.0, 0.0, 0.0, 0.0, 0.0, 0.0
512, 0, 1, 33, 0.0, 0.0, 0.0, 0.0, 0.0, 0.0, 0.0, 0.0, 0.0, 0.0
512, 0, 1, 34, 0.0, 0.0, 0.0, 0.0, 0.0, 0.0, 0.0, 0.0, 0.0, 0.0
512, 0, 1, 35, 0.0, 0.0, 0.0, 0.0, 0.0, 0.0, 0.0, 0.0, 0.0, 0.0
512, 0, 1, 36, 0.0, 0.0, 0.0, 0.0, 0.0, 0.0, 0.0, 0.0, 0.0, 0.0
512, 0, 1, 37, 0.0, 0.0, 0.0, 0.0, 0.0, 0.0, 0.0, 0.0, 0.0, 0.0
512, 0, 1, 38, 0.0, 0.0, 0.0, 0.0, 0.0, 0.0, 0.0, 0.0, 0.0, 0.0
512, 0, 1, 39, 0.0, 0.0, 0.0, 0.0, 0.0, 0.0, 0.0, 0.0, 0.0, 0.0
512, 0, 1, 40, 0.0, 0.0, 0.0, 0.0, 0.0, 0.0, 0.0, 0.0, 0.0, 0.0
512, 0, 1, 41, 0.0, 0.0, 0.0, 0.0, 0.0, 0.0, 0.0, 0.0, 0.0, 0.0
512, 0, 1, 42, 0.0, 0.0, 0.0, 0.0, 0.0, 0.0, 0.0, 0.0, 0.0, 0.0
512, 0, 1, 43, 0.0, 0.0, 0.0, 0.0, 0.0, 0.0, 0.0, 0.0, 0.0, 0.0
512, 0, 1, 44, 0.0, 0.0, 0.0, 0.0, 0.0, 0.0, 0.0, 0.0, 0.0, 0.0
512, 0, 1, 45, 0.0, 0.0, 0.0, 0.0, 0.0, 0.0, 0.0, 0.0, 0.0, 0.0
512, 0, 1, 46, 0.0, 0.0, 0.0, 0.0, 0.0, 0.0, 0.0, 0.0, 0.0, 0.0
512, 0, 1, 47, 0.0, 0.0, 0.0, 0.0, 0.0, 0.0, 0.0, 0.0, 0.0, 0.0
512, 0, 1, 48, 0.0, 0.0, 0.0, 0.0, 0.0, 0.0, 0.0, 0.0, 0.0, 0.0
512, 0, 1, 49, 0.0, 0.0, 0.0, 0.0, 0.0, 0.0, 0.0, 0.0, 0.0, 0.0
512, 0, 1, 50, 0.0, 0.0, 0.0, 0.0, 0.0, 0.0, 0.0, 0.0, 0.0, 0.0
512, 0, 1, 51, 0.0, 0.0, 0.0, 0.0, 0.0, 0.0, 0.0, 0.0, 0.0, 0.0
512, 0, 1, 52, 0.0, 0.0, 0.0, 0.0, 0.0, 0.0, 0.0, 0.0, 0.0, 0.0
512, 0, 1, 53, 0.0, 0.0, 0.0, 0.0, 0.0, 0.0, 0.0, 0.0, 0.0, 0.0
512, 0, 1, 54, 0.0, 0.0, 0.0, 0.0, 0.0, 0.0, 0.0, 0.0, 0.0, 0.0
512, 0, 1, 55, 0.0, 0.0, 0.0, 0.0, 0.0, 0.0, 0.0, 0.0, 0.0, 0.0
512, 0, 1, 56, 0.0, 0.0, 0.0, 0.0, 0.0, 0.0, 0.0, 0.0, 0.0, 0.0
512, 0, 1, 57, 0.0, 0.0, 0.0, 0.0, 0.0, 0.0, 0.0, 0.0, 0.0, 0.0
512, 0, 1, 58, 0.0, 0.0, 0.0, 0.0, 0.0, 0.0, 0.0, 0.0, 0.0, 0.0
512, 0, 1, 59, 0.0, 0.0, 0.0, 0.0, 0.0, 0.0, 0.0, 0.0, 0.0, 0.0
512, 0, 1, 60, 0.0, 0.0, 0.0, 0.0, 0.0, 0.0, 0.0, 0.0, 0.0, 0.0
512, 0, 1, 61, 0.0, 0.0, 0.0, 0.0, 0.0, 0.0, 0.0, 0.0, 0.0, 0.0
512, 0, 1, 62, 0.0, 0.0, 0.0, 0.0, 0.0, 0.0, 0.0, 0.0, 0.0, 0.0
512, 0, 1, 63, 0.0, 0.0, 0.0, 0.0, 0.0, 0.0, 0.0, 0.0, 0.0, 0.0
512, 0, 1, 64, 0.0, 0.0, 0.0, 0.0, 0.0, 0.0, 0.0, 0.0, 0.0, 0.0
512, 0, 1, 65, 0.0, 0.0, 0.0, 0.0, 0.0, 0.0, 0.0, 0.0, 0.0, 0.0
512, 0, 2, 0, 1591153607.313, 1591153616.2, 1591153623.832, 1591153623.832, 1591153624.1, 1591153625.369, 1591153633.108, 1591153633.108, 1591153633.11, 1591153633.112
512, 0, 2, 1, 1591153623.832, 1591153623.9, 1591153623.915, 1591153623.915, 1591153633.347, 1591153633.347, 1591153633.84, 1591153633.84, 1591153633.841, 1591153633.844
512, 0, 2, 2, 1591153633.112, 1591153633.113, 1591153633.148, 1591153633.148, 1591153634.097, 1591153634.097, 1591153634.533, 1591153634.533, 1591153634.535, 1591153634.537
512, 0, 2, 3, 1591153633.844, 1591153633.844, 1591153633.851, 1591153633.851, 1591153634.788, 1591153634.788, 1591153635.22, 1591153635.22, 1591153635.221, 1591153635.223
512, 0, 2, 4, 1591153634.537, 1591153634.537, 1591153634.542, 1591153634.542, 1591153635.467, 1591153635.467, 1591153635.934, 1591153635.934, 1591153635.935, 1591153635.937
512, 0, 2, 5, 1591153635.223, 1591153635.223, 1591153635.229, 1591153635.229, 1591153636.186, 1591153636.186, 1591153636.62, 1591153636.62, 1591153636.621, 1591153636.623
512, 0, 2, 6, 1591153635.937, 1591153635.937, 1591153635.943, 1591153635.943, 1591153636.86, 1591153636.86, 1591153637.321, 1591153637.321, 1591153637.322, 1591153637.324
512, 0, 2, 7, 1591153636.623, 1591153636.624, 1591153636.629, 1591153636.648, 1591153637.568, 1591153637.568, 1591153638.021, 1591153638.021, 1591153638.022, 1591153638.024
512, 0, 2, 8, 1591153637.324, 1591153637.324, 1591153637.33, 1591153637.33, 1591153638.262, 1591153638.262, 1591153638.723, 1591153638.723, 1591153638.724, 1591153638.726
512, 0, 2, 9, 1591153638.024, 1591153638.024, 1591153638.03, 1591153638.03, 1591153638.987, 1591153638.987, 1591153639.42, 1591153639.42, 1591153639.422, 1591153639.424
512, 0, 2, 10, 1591153638.726, 1591153638.727, 1591153638.733, 1591153638.733, 1591153639.671, 1591153639.671, 1591153640.134, 1591153640.134, 1591153640.135, 1591153640.138
512, 0, 2, 11, 1591153639.424, 1591153639.424, 1591153639.431, 1591153639.431, 1591153640.498, 1591153640.498, 1591153640.864, 1591153640.864, 1591153640.866, 1591153640.869
512, 0, 2, 12, 1591153640.138, 1591153640.138, 1591153640.145, 1591153640.145, 1591153641.1, 1591153641.1, 1591153641.53, 1591153641.53, 1591153641.531, 1591153641.533
512, 0, 2, 13, 1591153640.869, 1591153640.87, 1591153640.877, 1591153640.877, 1591153641.793, 1591153641.793, 1591153642.217, 1591153642.217, 1591153642.218, 1591153642.221
512, 0, 2, 14, 1591153641.533, 1591153641.533, 1591153641.538, 1591153641.538, 1591153642.465, 1591153642.465, 1591153642.919, 1591153642.919, 1591153642.92, 1591153642.922
512, 0, 2, 15, 1591153642.221, 1591153642.221, 1591153642.227, 1591153642.228, 1591153643.17, 1591153643.17, 1591153643.669, 1591153643.669, 1591153643.67, 1591153643.673
512, 0, 2, 16, 1591153642.922, 1591153642.922, 1591153642.928, 1591153642.928, 1591153643.924, 1591153643.924, 1591153644.436, 1591153644.436, 1591153644.438, 1591153644.44
512, 0, 2, 17, 1591153643.673, 1591153643.673, 1591153643.679, 1591153643.679, 1591153644.697, 1591153644.697, 1591153645.133, 1591153645.133, 1591153645.134, 1591153645.136
512, 0, 2, 18, 1591153644.44, 1591153644.441, 1591153644.451, 1591153644.451, 1591153645.378, 1591153645.379, 1591153645.823, 1591153645.823, 1591153645.825, 1591153645.827
512, 0, 2, 19, 1591153645.136, 1591153645.136, 1591153645.142, 1591153645.152, 1591153646.074, 1591153646.074, 1591153646.547, 1591153646.547, 1591153646.549, 1591153646.551
512, 0, 2, 20, 1591153645.827, 1591153645.827, 1591153645.832, 1591153645.833, 1591153646.79, 1591153646.79, 1591153647.233, 1591153647.233, 1591153647.234, 1591153647.236
512, 0, 2, 21, 1591153646.551, 1591153646.551, 1591153646.558, 1591153646.558, 1591153647.237, 1591153647.33, 1591153647.345, 1591153647.345, 1591153647.346, 1591153647.348
512, 0, 2, 22, 0.0, 0.0, 0.0, 0.0, 0.0, 0.0, 0.0, 0.0, 0.0, 0.0
512, 0, 2, 23, 0.0, 0.0, 0.0, 0.0, 0.0, 0.0, 0.0, 0.0, 0.0, 0.0
512, 0, 2, 24, 0.0, 0.0, 0.0, 0.0, 0.0, 0.0, 0.0, 0.0, 0.0, 0.0
512, 0, 2, 25, 0.0, 0.0, 0.0, 0.0, 0.0, 0.0, 0.0, 0.0, 0.0, 0.0
512, 0, 2, 26, 0.0, 0.0, 0.0, 0.0, 0.0, 0.0, 0.0, 0.0, 0.0, 0.0
512, 0, 2, 27, 0.0, 0.0, 0.0, 0.0, 0.0, 0.0, 0.0, 0.0, 0.0, 0.0
512, 0, 2, 28, 0.0, 0.0, 0.0, 0.0, 0.0, 0.0, 0.0, 0.0, 0.0, 0.0
512, 0, 2, 29, 0.0, 0.0, 0.0, 0.0, 0.0, 0.0, 0.0, 0.0, 0.0, 0.0
512, 0, 2, 30, 0.0, 0.0, 0.0, 0.0, 0.0, 0.0, 0.0, 0.0, 0.0, 0.0
512, 0, 2, 31, 0.0, 0.0, 0.0, 0.0, 0.0, 0.0, 0.0, 0.0, 0.0, 0.0
512, 0, 2, 32, 0.0, 0.0, 0.0, 0.0, 0.0, 0.0, 0.0, 0.0, 0.0, 0.0
512, 0, 2, 33, 0.0, 0.0, 0.0, 0.0, 0.0, 0.0, 0.0, 0.0, 0.0, 0.0
512, 0, 2, 34, 0.0, 0.0, 0.0, 0.0, 0.0, 0.0, 0.0, 0.0, 0.0, 0.0
512, 0, 2, 35, 0.0, 0.0, 0.0, 0.0, 0.0, 0.0, 0.0, 0.0, 0.0, 0.0
512, 0, 2, 36, 0.0, 0.0, 0.0, 0.0, 0.0, 0.0, 0.0, 0.0, 0.0, 0.0
512, 0, 2, 37, 0.0, 0.0, 0.0, 0.0, 0.0, 0.0, 0.0, 0.0, 0.0, 0.0
512, 0, 2, 38, 0.0, 0.0, 0.0, 0.0, 0.0, 0.0, 0.0, 0.0, 0.0, 0.0
512, 0, 2, 39, 0.0, 0.0, 0.0, 0.0, 0.0, 0.0, 0.0, 0.0, 0.0, 0.0
512, 0, 2, 40, 0.0, 0.0, 0.0, 0.0, 0.0, 0.0, 0.0, 0.0, 0.0, 0.0
512, 0, 2, 41, 0.0, 0.0, 0.0, 0.0, 0.0, 0.0, 0.0, 0.0, 0.0, 0.0
512, 0, 2, 42, 0.0, 0.0, 0.0, 0.0, 0.0, 0.0, 0.0, 0.0, 0.0, 0.0
512, 0, 2, 43, 0.0, 0.0, 0.0, 0.0, 0.0, 0.0, 0.0, 0.0, 0.0, 0.0
512, 0, 2, 44, 0.0, 0.0, 0.0, 0.0, 0.0, 0.0, 0.0, 0.0, 0.0, 0.0
512, 0, 2, 45, 0.0, 0.0, 0.0, 0.0, 0.0, 0.0, 0.0, 0.0, 0.0, 0.0
512, 0, 2, 46, 0.0, 0.0, 0.0, 0.0, 0.0, 0.0, 0.0, 0.0, 0.0, 0.0
512, 0, 2, 47, 0.0, 0.0, 0.0, 0.0, 0.0, 0.0, 0.0, 0.0, 0.0, 0.0
512, 0, 2, 48, 0.0, 0.0, 0.0, 0.0, 0.0, 0.0, 0.0, 0.0, 0.0, 0.0
512, 0, 2, 49, 0.0, 0.0, 0.0, 0.0, 0.0, 0.0, 0.0, 0.0, 0.0, 0.0
512, 0, 2, 50, 0.0, 0.0, 0.0, 0.0, 0.0, 0.0, 0.0, 0.0, 0.0, 0.0
512, 0, 2, 51, 0.0, 0.0, 0.0, 0.0, 0.0, 0.0, 0.0, 0.0, 0.0, 0.0
512, 0, 2, 52, 0.0, 0.0, 0.0, 0.0, 0.0, 0.0, 0.0, 0.0, 0.0, 0.0
512, 0, 2, 53, 0.0, 0.0, 0.0, 0.0, 0.0, 0.0, 0.0, 0.0, 0.0, 0.0
512, 0, 2, 54, 0.0, 0.0, 0.0, 0.0, 0.0, 0.0, 0.0, 0.0, 0.0, 0.0
512, 0, 2, 55, 0.0, 0.0, 0.0, 0.0, 0.0, 0.0, 0.0, 0.0, 0.0, 0.0
512, 0, 2, 56, 0.0, 0.0, 0.0, 0.0, 0.0, 0.0, 0.0, 0.0, 0.0, 0.0
512, 0, 2, 57, 0.0, 0.0, 0.0, 0.0, 0.0, 0.0, 0.0, 0.0, 0.0, 0.0
512, 0, 2, 58, 0.0, 0.0, 0.0, 0.0, 0.0, 0.0, 0.0, 0.0, 0.0, 0.0
512, 0, 2, 59, 0.0, 0.0, 0.0, 0.0, 0.0, 0.0, 0.0, 0.0, 0.0, 0.0
512, 0, 2, 60, 0.0, 0.0, 0.0, 0.0, 0.0, 0.0, 0.0, 0.0, 0.0, 0.0
512, 0, 2, 61, 0.0, 0.0, 0.0, 0.0, 0.0, 0.0, 0.0, 0.0, 0.0, 0.0
512, 0, 2, 62, 0.0, 0.0, 0.0, 0.0, 0.0, 0.0, 0.0, 0.0, 0.0, 0.0
512, 0, 2, 63, 0.0, 0.0, 0.0, 0.0, 0.0, 0.0, 0.0, 0.0, 0.0, 0.0
512, 0, 2, 64, 0.0, 0.0, 0.0, 0.0, 0.0, 0.0, 0.0, 0.0, 0.0, 0.0
512, 0, 2, 65, 0.0, 0.0, 0.0, 0.0, 0.0, 0.0, 0.0, 0.0, 0.0, 0.0
512, 0, 3, 0, 1591153606.876, 1591153624.526, 1591153624.896, 1591153624.896, 1591153624.938, 1591153624.938, 1591153624.944, 1591153624.944, 1591153624.944, 1591153625.032
512, 0, 3, 1, 1591153625.032, 1591153625.032, 1591153625.034, 1591153625.034, 1591153625.081, 1591153625.081, 1591153625.086, 1591153625.086, 1591153625.086, 1591153625.087
512, 0, 3, 2, 1591153625.087, 1591153625.087, 1591153625.208, 1591153625.208, 1591153625.223, 1591153625.223, 1591153625.225, 1591153625.225, 1591153625.225, 1591153625.3
512, 0, 3, 3, 1591153625.3, 1591153625.3, 1591153625.301, 1591153625.301, 1591153625.351, 1591153625.351, 1591153625.353, 1591153625.353, 1591153625.353, 1591153625.427
512, 0, 3, 4, 1591153625.427, 1591153625.427, 1591153625.428, 1591153625.428, 1591153625.476, 1591153625.476, 1591153625.478, 1591153625.478, 1591153625.478, 1591153625.479
512, 0, 3, 5, 1591153625.479, 1591153625.479, 1591153625.48, 1591153625.48, 1591153625.584, 1591153625.584, 1591153625.585, 1591153625.585, 1591153625.585, 1591153625.641
512, 0, 3, 6, 1591153625.641, 1591153633.395, 1591153633.397, 1591153633.397, 1591153633.43, 1591153633.43, 1591153633.433, 1591153633.434, 1591153633.435, 1591153633.509
512, 0, 3, 7, 1591153633.509, 1591153633.531, 1591153633.532, 1591153633.532, 1591153633.573, 1591153633.573, 1591153633.613, 1591153633.613, 1591153633.613, 1591153633.614
512, 0, 3, 8, 1591153633.614, 1591153633.614, 1591153633.615, 1591153633.615, 1591153633.679, 1591153633.679, 1591153633.68, 1591153633.681, 1591153633.681, 1591153633.682
512, 0, 3, 9, 1591153633.682, 1591153634.168, 1591153634.169, 1591153634.169, 1591153634.203, 1591153634.203, 1591153634.205, 1591153634.205, 1591153634.205, 1591153634.258
512, 0, 3, 10, 1591153634.258, 1591153634.258, 1591153634.259, 1591153634.259, 1591153634.309, 1591153634.309, 1591153634.311, 1591153634.312, 1591153634.312, 1591153634.362
512, 0, 3, 11, 1591153634.362, 1591153634.362, 1591153634.363, 1591153634.363, 1591153634.415, 1591153634.415, 1591153634.418, 1591153634.448, 1591153634.448, 1591153634.473
512, 0, 3, 12, 1591153634.473, 1591153634.819, 1591153634.821, 1591153634.821, 1591153634.868, 1591153634.868, 1591153634.87, 1591153634.871, 1591153634.871, 1591153634.872
512, 0, 3, 13, 1591153634.872, 1591153634.872, 1591153634.97, 1591153634.97, 1591153634.973, 1591153634.973, 1591153634.974, 1591153634.974, 1591153634.975, 1591153635.026
512, 0, 3, 14, 1591153635.026, 1591153635.026, 1591153635.027, 1591153635.027, 1591153635.108, 1591153635.108, 1591153635.111, 1591153635.111, 1591153635.111, 1591153635.167
512, 0, 3, 15, 1591153635.167, 1591153635.506, 1591153635.507, 1591153635.507, 1591153635.536, 1591153635.536, 1591153635.538, 1591153635.551, 1591153635.552, 1591153635.638
512, 0, 3, 16, 1591153635.638, 1591153635.639, 1591153635.64, 1591153635.64, 1591153635.699, 1591153635.699, 1591153635.701, 1591153635.701, 1591153635.701, 1591153635.749
512, 0, 3, 17, 1591153635.749, 1591153635.749, 1591153635.75, 1591153635.75, 1591153635.796, 1591153635.796, 1591153635.797, 1591153635.797, 1591153635.797, 1591153635.798
512, 0, 3, 18, 1591153635.798, 1591153636.242, 1591153636.284, 1591153636.284, 1591153636.296, 1591153636.296, 1591153636.297, 1591153636.298, 1591153636.298, 1591153636.351
512, 0, 3, 19, 1591153636.351, 1591153636.351, 1591153636.352, 1591153636.352, 1591153636.399, 1591153636.399, 1591153636.401, 1591153636.401, 1591153636.401, 1591153636.455
512, 0, 3, 20, 1591153636.455, 1591153636.455, 1591153636.456, 1591153636.456, 1591153636.501, 1591153636.501, 1591153636.516, 1591153636.516, 1591153636.516, 1591153636.563
512, 0, 3, 21, 1591153636.563, 1591153636.912, 1591153636.913, 1591153636.913, 1591153636.972, 1591153636.972, 1591153636.974, 1591153636.974, 1591153636.974, 1591153636.975
512, 0, 3, 22, 1591153636.975, 1591153636.975, 1591153636.976, 1591153636.976, 1591153637.068, 1591153637.068, 1591153637.104, 1591153637.104, 1591153637.104, 1591153637.153
512, 0, 3, 23, 1591153637.154, 1591153637.154, 1591153637.155, 1591153637.155, 1591153637.216, 1591153637.216, 1591153637.219, 1591153637.219, 1591153637.219, 1591153637.269
512, 0, 3, 24, 1591153637.269, 1591153637.635, 1591153637.636, 1591153637.636, 1591153637.665, 1591153637.665, 1591153637.67, 1591153637.67, 1591153637.67, 1591153637.723
512, 0, 3, 25, 1591153637.723, 1591153637.723, 1591153637.724, 1591153637.724, 1591153637.799, 1591153637.799, 1591153637.801, 1591153637.801, 1591153637.801, 1591153637.803
512, 0, 3, 26, 1591153637.803, 1591153637.803, 1591153637.917, 1591153637.917, 1591153637.918, 1591153637.918, 1591153637.92, 1591153637.92, 1591153637.92, 1591153637.971
512, 0, 3, 27, 1591153637.971, 1591153638.314, 1591153638.315, 1591153638.315, 1591153638.359, 1591153638.359, 1591153638.361, 1591153638.361, 1591153638.361, 1591153638.362
512, 0, 3, 28, 1591153638.362, 1591153638.362, 1591153638.363, 1591153638.363, 1591153638.458, 1591153638.458, 1591153638.46, 1591153638.46, 1591153638.46, 1591153638.461
512, 0, 3, 29, 1591153638.461, 1591153638.461, 1591153638.462, 1591153638.462, 1591153638.558, 1591153638.558, 1591153638.56, 1591153638.56, 1591153638.56, 1591153638.614
512, 0, 3, 30, 1591153638.614, 1591153638.996, 1591153638.997, 1591153638.997, 1591153639.039, 1591153639.039, 1591153639.041, 1591153639.041, 1591153639.041, 1591153639.102
512, 0, 3, 31, 1591153639.102, 1591153639.102, 1591153639.104, 1591153639.104, 1591153639.154, 1591153639.154, 1591153639.156, 1591153639.156, 1591153639.156, 1591153639.211
512, 0, 3, 32, 1591153639.211, 1591153639.211, 1591153639.212, 1591153639.212, 1591153639.258, 1591153639.258, 1591153639.26, 1591153639.26, 1591153639.26, 1591153639.261
512, 0, 3, 33, 1591153639.261, 1591153639.72, 1591153639.721, 1591153639.721, 1591153639.756, 1591153639.756, 1591153639.759, 1591153639.759, 1591153639.759, 1591153639.825
512, 0, 3, 34, 1591153639.825, 1591153639.919, 1591153639.92, 1591153639.92, 1591153639.952, 1591153639.952, 1591153639.953, 1591153639.964, 1591153639.964, 1591153640.008
512, 0, 3, 35, 1591153640.008, 1591153640.008, 1591153640.009, 1591153640.009, 1591153640.058, 1591153640.058, 1591153640.059, 1591153640.059, 1591153640.059, 1591153640.06
512, 0, 3, 36, 1591153640.06, 1591153640.424, 1591153640.425, 1591153640.425, 1591153640.462, 1591153640.462, 1591153640.464, 1591153640.475, 1591153640.475, 1591153640.523
512, 0, 3, 37, 1591153640.523, 1591153640.523, 1591153640.524, 1591153640.524, 1591153640.59, 1591153640.59, 1591153640.595, 1591153640.595, 1591153640.595, 1591153640.596
512, 0, 3, 38, 1591153640.596, 1591153640.596, 1591153640.598, 1591153640.598, 1591153640.699, 1591153640.699, 1591153640.709, 1591153640.709, 1591153640.709, 1591153640.71
512, 0, 3, 39, 1591153640.71, 1591153641.218, 1591153641.219, 1591153641.219, 1591153641.253, 1591153641.253, 1591153641.255, 1591153641.276, 1591153641.277, 1591153641.32
512, 0, 3, 40, 1591153641.32, 1591153641.321, 1591153641.322, 1591153641.322, 1591153641.367, 1591153641.367, 1591153641.369, 1591153641.369, 1591153641.369, 1591153641.428
512, 0, 3, 41, 1591153641.428, 1591153641.428, 1591153641.43, 1591153641.43, 1591153641.476, 1591153641.476, 1591153641.483, 1591153641.483, 1591153641.483, 1591153641.537
512, 0, 3, 42, 1591153641.537, 1591153641.892, 1591153641.901, 1591153641.901, 1591153641.953, 1591153641.953, 1591153641.956, 1591153641.956, 1591153641.956, 1591153642.01
512, 0, 3, 43, 1591153642.01, 1591153642.01, 1591153642.012, 1591153642.012, 1591153642.059, 1591153642.059, 1591153642.072, 1591153642.072, 1591153642.072, 1591153642.073
512, 0, 3, 44, 1591153642.073, 1591153642.073, 1591153642.074, 1591153642.074, 1591153642.185, 1591153642.185, 1591153642.187, 1591153642.187, 1591153642.187, 1591153642.243
512, 0, 3, 45, 1591153642.243, 1591153642.556, 1591153642.557, 1591153642.557, 1591153642.588, 1591153642.588, 1591153642.59, 1591153642.59, 1591153642.59, 1591153642.66
512, 0, 3, 46, 1591153642.66, 1591153642.66, 1591153642.661, 1591153642.661, 1591153642.708, 1591153642.708, 1591153642.716, 1591153642.716, 1591153642.716, 1591153642.772
512, 0, 3, 47, 1591153642.772, 1591153642.772, 1591153642.773, 1591153642.773, 1591153642.836, 1591153642.836, 1591153642.838, 1591153642.838, 1591153642.838, 1591153642.892
512, 0, 3, 48, 1591153642.892, 1591153643.249, 1591153643.251, 1591153643.251, 1591153643.288, 1591153643.288, 1591153643.289, 1591153643.289, 1591153643.289, 1591153643.344
512, 0, 3, 49, 1591153643.344, 1591153643.504, 1591153643.505, 1591153643.505, 1591153643.539, 1591153643.539, 1591153643.544, 1591153643.544, 1591153643.544, 1591153643.592
512, 0, 3, 50, 1591153643.592, 1591153643.593, 1591153643.594, 1591153643.594, 1591153643.641, 1591153643.641, 1591153643.647, 1591153643.648, 1591153643.648, 1591153643.695
512, 0, 3, 51, 1591153643.695, 1591153644.155, 1591153644.156, 1591153644.156, 1591153644.186, 1591153644.186, 1591153644.187, 1591153644.187, 1591153644.187, 1591153644.24
512, 0, 3, 52, 1591153644.24, 1591153644.24, 1591153644.241, 1591153644.241, 1591153644.286, 1591153644.286, 1591153644.288, 1591153644.288, 1591153644.288, 1591153644.289
512, 0, 3, 53, 1591153644.289, 1591153644.289, 1591153644.29, 1591153644.29, 1591153644.386, 1591153644.386, 1591153644.391, 1591153644.392, 1591153644.392, 1591153644.445
512, 0, 3, 54, 1591153644.445, 1591153644.742, 1591153644.743, 1591153644.743, 1591153644.779, 1591153644.779, 1591153644.781, 1591153644.781, 1591153644.781, 1591153644.857
512, 0, 3, 55, 1591153644.857, 1591153644.857, 1591153644.858, 1591153644.858, 1591153644.917, 1591153644.917, 1591153644.918, 1591153644.918, 1591153644.918, 1591153644.977
512, 0, 3, 56, 1591153644.977, 1591153644.977, 1591153644.978, 1591153644.978, 1591153645.03, 1591153645.03, 1591153645.032, 1591153645.032, 1591153645.032, 1591153645.086
512, 0, 3, 57, 1591153645.086, 1591153645.429, 1591153645.43, 1591153645.43, 1591153645.464, 1591153645.464, 1591153645.465, 1591153645.475, 1591153645.476, 1591153645.521
512, 0, 3, 58, 1591153645.521, 1591153645.521, 1591153645.522, 1591153645.522, 1591153645.57, 1591153645.57, 1591153645.572, 1591153645.572, 1591153645.572, 1591153645.626
512, 0, 3, 59, 1591153645.626, 1591153645.627, 1591153645.628, 1591153645.628, 1591153645.674, 1591153645.674, 1591153645.675, 1591153645.676, 1591153645.676, 1591153645.738
512, 0, 3, 60, 1591153645.738, 1591153646.114, 1591153646.116, 1591153646.116, 1591153646.173, 1591153646.173, 1591153646.175, 1591153646.175, 1591153646.175, 1591153646.176
512, 0, 3, 61, 1591153646.176, 1591153646.176, 1591153646.177, 1591153646.177, 1591153646.276, 1591153646.276, 1591153646.292, 1591153646.292, 1591153646.292, 1591153646.35
512, 0, 3, 62, 1591153646.35, 1591153646.351, 1591153646.352, 1591153646.352, 1591153646.4, 1591153646.4, 1591153646.403, 1591153646.403, 1591153646.403, 1591153646.404
512, 0, 3, 63, 1591153646.404, 1591153646.998, 1591153646.999, 1591153646.999, 1591153647.031, 1591153647.031, 1591153647.032, 1591153647.032, 1591153647.032, 1591153647.087
512, 0, 3, 64, 1591153647.087, 1591153647.087, 1591153647.088, 1591153647.088, 1591153647.139, 1591153647.139, 1591153647.14, 1591153647.153, 1591153647.154, 1591153647.197
512, 0, 3, 65, 1591153647.197, 1591153647.197, 1591153647.198, 1591153647.198, 1591153647.252, 1591153647.252, 1591153647.255, 1591153647.255, 1591153647.255, 1591153647.307
512, 1, 0, 0, 1591153648.044, 1591153656.67, 1591153656.692, 1591153656.692, 1591153658.64, 1591153658.641, 1591153659.454, 1591153659.454, 1591153659.455, 1591153659.457
512, 1, 0, 1, 1591153656.693, 1591153658.628, 1591153658.636, 1591153658.636, 1591153659.748, 1591153659.752, 1591153660.366, 1591153660.366, 1591153660.368, 1591153660.37
512, 1, 0, 2, 1591153659.457, 1591153659.458, 1591153659.462, 1591153659.462, 1591153660.697, 1591153660.697, 1591153661.082, 1591153661.082, 1591153661.083, 1591153661.086
512, 1, 0, 3, 1591153660.37, 1591153660.37, 1591153660.376, 1591153660.376, 1591153661.352, 1591153661.352, 1591153661.748, 1591153661.748, 1591153661.75, 1591153661.752
512, 1, 0, 4, 1591153661.086, 1591153661.086, 1591153661.093, 1591153661.093, 1591153662.023, 1591153662.023, 1591153662.44, 1591153662.44, 1591153662.442, 1591153662.445
512, 1, 0, 5, 1591153661.752, 1591153661.753, 1591153661.759, 1591153661.759, 1591153662.72, 1591153662.72, 1591153663.12, 1591153663.12, 1591153663.122, 1591153663.124
512, 1, 0, 6, 1591153662.445, 1591153662.445, 1591153662.454, 1591153662.454, 1591153663.395, 1591153663.395, 1591153663.811, 1591153663.811, 1591153663.812, 1591153663.814
512, 1, 0, 7, 1591153663.124, 1591153663.124, 1591153663.13, 1591153663.13, 1591153664.088, 1591153664.088, 1591153664.502, 1591153664.502, 1591153664.503, 1591153664.505
512, 1, 0, 8, 1591153663.814, 1591153663.815, 1591153663.819, 1591153663.819, 1591153664.765, 1591153664.765, 1591153665.205, 1591153665.205, 1591153665.206, 1591153665.208
512, 1, 0, 9, 1591153664.505, 1591153664.505, 1591153664.511, 1591153664.533, 1591153673.204, 1591153673.204, 1591153673.637, 1591153673.637, 1591153673.638, 1591153673.64
512, 1, 0, 10, 1591153665.208, 1591153672.938, 1591153672.946, 1591153672.946, 1591153676.288, 1591153676.288, 1591153676.673, 1591153676.673, 1591153676.675, 1591153676.678
512, 1, 0, 11, 1591153673.64, 1591153676.033, 1591153676.044, 1591153676.044, 1591153676.96, 1591153676.96, 1591153677.348, 1591153677.348, 1591153677.349, 1591153677.351
512, 1, 0, 12, 1591153676.678, 1591153676.678, 1591153676.908, 1591153676.909, 1591153677.688, 1591153677.688, 1591153678.059, 1591153678.059, 1591153678.06, 1591153678.062
512, 1, 0, 13, 1591153677.351, 1591153677.351, 1591153677.356, 1591153677.356, 1591153678.321, 1591153678.321, 1591153678.759, 1591153678.759, 1591153678.76, 1591153678.762
512, 1, 0, 14, 1591153678.062, 1591153678.063, 1591153678.07, 1591153678.07, 1591153679.076, 1591153679.076, 1591153679.442, 1591153679.442, 1591153679.444, 1591153679.446
512, 1, 0, 15, 1591153678.762, 1591153678.762, 1591153678.767, 1591153678.767, 1591153679.707, 1591153679.707, 1591153680.207, 1591153680.207, 1591153680.208, 1591153680.21
512, 1, 0, 16, 1591153679.446, 1591153679.446, 1591153679.461, 1591153679.461, 1591153680.485, 1591153680.485, 1591153680.885, 1591153680.885, 1591153680.887, 1591153680.889
512, 1, 0, 17, 1591153680.21, 1591153680.211, 1591153680.217, 1591153680.217, 1591153681.152, 1591153681.152, 1591153681.579, 1591153681.579, 1591153681.58, 1591153681.582
512, 1, 0, 18, 1591153680.889, 1591153680.889, 1591153680.895, 1591153680.895, 1591153681.589, 1591153681.589, 1591153682.275, 1591153682.275, 1591153682.276, 1591153682.278
512, 1, 0, 19, 1591153681.582, 1591153681.582, 1591153681.588, 1591153681.588, 1591153686.185, 1591153686.185, 1591153686.579, 1591153686.579, 1591153686.58, 1591153686.582
512, 1, 0, 20, 1591153682.278, 1591153685.943, 1591153685.949, 1591153685.949, 1591153686.852, 1591153686.852, 1591153687.247, 1591153687.247, 1591153687.248, 1591153687.25
512, 1, 0, 21, 1591153686.582, 1591153686.583, 1591153686.588, 1591153686.598, 1591153687.252, 1591153687.253, 1591153687.266, 1591153687.266, 1591153687.267, 1591153687.269
512, 1, 0, 22, 0.0, 0.0, 0.0, 0.0, 0.0, 0.0, 0.0, 0.0, 0.0, 0.0
512, 1, 0, 23, 0.0, 0.0, 0.0, 0.0, 0.0, 0.0, 0.0, 0.0, 0.0, 0.0
512, 1, 0, 24, 0.0, 0.0, 0.0, 0.0, 0.0, 0.0, 0.0, 0.0, 0.0, 0.0
512, 1, 0, 25, 0.0, 0.0, 0.0, 0.0, 0.0, 0.0, 0.0, 0.0, 0.0, 0.0
512, 1, 0, 26, 0.0, 0.0, 0.0, 0.0, 0.0, 0.0, 0.0, 0.0, 0.0, 0.0
512, 1, 0, 27, 0.0, 0.0, 0.0, 0.0, 0.0, 0.0, 0.0, 0.0, 0.0, 0.0
512, 1, 0, 28, 0.0, 0.0, 0.0, 0.0, 0.0, 0.0, 0.0, 0.0, 0.0, 0.0
512, 1, 0, 29, 0.0, 0.0, 0.0, 0.0, 0.0, 0.0, 0.0, 0.0, 0.0, 0.0
512, 1, 0, 30, 0.0, 0.0, 0.0, 0.0, 0.0, 0.0, 0.0, 0.0, 0.0, 0.0
512, 1, 0, 31, 0.0, 0.0, 0.0, 0.0, 0.0, 0.0, 0.0, 0.0, 0.0, 0.0
512, 1, 0, 32, 0.0, 0.0, 0.0, 0.0, 0.0, 0.0, 0.0, 0.0, 0.0, 0.0
512, 1, 0, 33, 0.0, 0.0, 0.0, 0.0, 0.0, 0.0, 0.0, 0.0, 0.0, 0.0
512, 1, 0, 34, 0.0, 0.0, 0.0, 0.0, 0.0, 0.0, 0.0, 0.0, 0.0, 0.0
512, 1, 0, 35, 0.0, 0.0, 0.0, 0.0, 0.0, 0.0, 0.0, 0.0, 0.0, 0.0
512, 1, 0, 36, 0.0, 0.0, 0.0, 0.0, 0.0, 0.0, 0.0, 0.0, 0.0, 0.0
512, 1, 0, 37, 0.0, 0.0, 0.0, 0.0, 0.0, 0.0, 0.0, 0.0, 0.0, 0.0
512, 1, 0, 38, 0.0, 0.0, 0.0, 0.0, 0.0, 0.0, 0.0, 0.0, 0.0, 0.0
512, 1, 0, 39, 0.0, 0.0, 0.0, 0.0, 0.0, 0.0, 0.0, 0.0, 0.0, 0.0
512, 1, 0, 40, 0.0, 0.0, 0.0, 0.0, 0.0, 0.0, 0.0, 0.0, 0.0, 0.0
512, 1, 0, 41, 0.0, 0.0, 0.0, 0.0, 0.0, 0.0, 0.0, 0.0, 0.0, 0.0
512, 1, 0, 42, 0.0, 0.0, 0.0, 0.0, 0.0, 0.0, 0.0, 0.0, 0.0, 0.0
512, 1, 0, 43, 0.0, 0.0, 0.0, 0.0, 0.0, 0.0, 0.0, 0.0, 0.0, 0.0
512, 1, 0, 44, 0.0, 0.0, 0.0, 0.0, 0.0, 0.0, 0.0, 0.0, 0.0, 0.0
512, 1, 0, 45, 0.0, 0.0, 0.0, 0.0, 0.0, 0.0, 0.0, 0.0, 0.0, 0.0
512, 1, 0, 46, 0.0, 0.0, 0.0, 0.0, 0.0, 0.0, 0.0, 0.0, 0.0, 0.0
512, 1, 0, 47, 0.0, 0.0, 0.0, 0.0, 0.0, 0.0, 0.0, 0.0, 0.0, 0.0
512, 1, 0, 48, 0.0, 0.0, 0.0, 0.0, 0.0, 0.0, 0.0, 0.0, 0.0, 0.0
512, 1, 0, 49, 0.0, 0.0, 0.0, 0.0, 0.0, 0.0, 0.0, 0.0, 0.0, 0.0
512, 1, 0, 50, 0.0, 0.0, 0.0, 0.0, 0.0, 0.0, 0.0, 0.0, 0.0, 0.0
512, 1, 0, 51, 0.0, 0.0, 0.0, 0.0, 0.0, 0.0, 0.0, 0.0, 0.0, 0.0
512, 1, 0, 52, 0.0, 0.0, 0.0, 0.0, 0.0, 0.0, 0.0, 0.0, 0.0, 0.0
512, 1, 0, 53, 0.0, 0.0, 0.0, 0.0, 0.0, 0.0, 0.0, 0.0, 0.0, 0.0
512, 1, 0, 54, 0.0, 0.0, 0.0, 0.0, 0.0, 0.0, 0.0, 0.0, 0.0, 0.0
512, 1, 0, 55, 0.0, 0.0, 0.0, 0.0, 0.0, 0.0, 0.0, 0.0, 0.0, 0.0
512, 1, 0, 56, 0.0, 0.0, 0.0, 0.0, 0.0, 0.0, 0.0, 0.0, 0.0, 0.0
512, 1, 0, 57, 0.0, 0.0, 0.0, 0.0, 0.0, 0.0, 0.0, 0.0, 0.0, 0.0
512, 1, 0, 58, 0.0, 0.0, 0.0, 0.0, 0.0, 0.0, 0.0, 0.0, 0.0, 0.0
512, 1, 0, 59, 0.0, 0.0, 0.0, 0.0, 0.0, 0.0, 0.0, 0.0, 0.0, 0.0
512, 1, 0, 60, 0.0, 0.0, 0.0, 0.0, 0.0, 0.0, 0.0, 0.0, 0.0, 0.0
512, 1, 0, 61, 0.0, 0.0, 0.0, 0.0, 0.0, 0.0, 0.0, 0.0, 0.0, 0.0
512, 1, 0, 62, 0.0, 0.0, 0.0, 0.0, 0.0, 0.0, 0.0, 0.0, 0.0, 0.0
512, 1, 0, 63, 0.0, 0.0, 0.0, 0.0, 0.0, 0.0, 0.0, 0.0, 0.0, 0.0
512, 1, 0, 64, 0.0, 0.0, 0.0, 0.0, 0.0, 0.0, 0.0, 0.0, 0.0, 0.0
512, 1, 0, 65, 0.0, 0.0, 0.0, 0.0, 0.0, 0.0, 0.0, 0.0, 0.0, 0.0
512, 1, 1, 0, 1591153648.076, 1591153655.646, 1591153655.667, 1591153655.668, 1591153655.949, 1591153657.733, 1591153659.454, 1591153659.454, 1591153659.455, 1591153659.457
512, 1, 1, 1, 1591153655.668, 1591153655.916, 1591153655.929, 1591153655.93, 1591153659.738, 1591153659.738, 1591153660.34, 1591153660.34, 1591153660.343, 1591153660.346
512, 1, 1, 2, 1591153659.457, 1591153659.458, 1591153659.463, 1591153659.463, 1591153660.623, 1591153660.623, 1591153661.083, 1591153661.083, 1591153661.084, 1591153661.086
512, 1, 1, 3, 1591153660.346, 1591153660.346, 1591153660.355, 1591153660.355, 1591153661.356, 1591153661.356, 1591153661.75, 1591153661.75, 1591153661.751, 1591153661.752
512, 1, 1, 4, 1591153661.086, 1591153661.086, 1591153661.092, 1591153661.092, 1591153662.024, 1591153662.024, 1591153662.433, 1591153662.433, 1591153662.437, 1591153662.439
512, 1, 1, 5, 1591153661.752, 1591153661.753, 1591153661.758, 1591153661.758, 1591153662.715, 1591153662.715, 1591153663.122, 1591153663.122, 1591153663.124, 1591153663.126
512, 1, 1, 6, 1591153662.439, 1591153662.44, 1591153662.449, 1591153662.449, 1591153663.401, 1591153663.401, 1591153663.812, 1591153663.812, 1591153663.813, 1591153663.815
512, 1, 1, 7, 1591153663.126, 1591153663.128, 1591153663.135, 1591153663.135, 1591153664.088, 1591153664.088, 1591153664.503, 1591153664.503, 1591153664.504, 1591153664.507
512, 1, 1, 8, 1591153663.815, 1591153663.815, 1591153663.821, 1591153663.821, 1591153664.515, 1591153664.515, 1591153665.205, 1591153665.205, 1591153665.206, 1591153665.208
512, 1, 1, 9, 1591153664.507, 1591153664.507, 1591153664.513, 1591153664.513, 1591153671.669, 1591153671.669, 1591153673.6, 1591153673.6, 1591153673.601, 1591153673.603
512, 1, 1, 10, 1591153665.208, 1591153671.334, 1591153671.342, 1591153671.342, 1591153673.843, 1591153673.843, 1591153676.673, 1591153676.673, 1591153676.674, 1591153676.676
512, 1, 1, 11, 1591153673.603, 1591153673.603, 1591153673.609, 1591153673.61, 1591153676.949, 1591153676.949, 1591153677.348, 1591153677.348, 1591153677.348, 1591153677.35
512, 1, 1, 12, 1591153676.676, 1591153676.676, 1591153676.683, 1591153676.683, 1591153677.628, 1591153677.628, 1591153678.059, 1591153678.059, 1591153678.06, 1591153678.062
512, 1, 1, 13, 1591153677.35, 1591153677.35, 1591153677.353, 1591153677.353, 1591153678.333, 1591153678.333, 1591153678.759, 1591153678.759, 1591153678.76, 1591153678.762
512, 1, 1, 14, 1591153678.062, 1591153678.063, 1591153678.069, 1591153678.088, 1591153679.025, 1591153679.025, 1591153679.44, 1591153679.44, 1591153679.441, 1591153679.443
512, 1, 1, 15, 1591153678.762, 1591153678.763, 1591153678.769, 1591153678.769, 1591153679.787, 1591153679.787, 1591153680.205, 1591153680.205, 1591153680.206, 1591153680.209
512, 1, 1, 16, 1591153679.443, 1591153679.444, 1591153679.45, 1591153679.45, 1591153680.474, 1591153680.474, 1591153680.886, 1591153680.886, 1591153680.887, 1591153680.889
512, 1, 1, 17, 1591153680.209, 1591153680.209, 1591153680.215, 1591153680.216, 1591153681.173, 1591153681.173, 1591153681.59, 1591153681.59, 1591153681.591, 1591153681.594
512, 1, 1, 18, 1591153680.889, 1591153680.889, 1591153680.896, 1591153680.896, 1591153681.871, 1591153681.871, 1591153682.279, 1591153682.279, 1591153682.28, 1591153682.283
512, 1, 1, 19, 1591153681.594, 1591153681.594, 1591153681.601, 1591153681.601, 1591153684.916, 1591153684.916, 1591153686.579, 1591153686.579, 1591153686.58, 1591153686.582
512, 1, 1, 20, 1591153682.283, 1591153684.908, 1591153684.915, 1591153684.915, 1591153686.85, 1591153686.85, 1591153687.247, 1591153687.247, 1591153687.249, 1591153687.251
512, 1, 1, 21, 1591153686.582, 1591153686.582, 1591153686.588, 1591153686.588, 1591153687.253, 1591153687.253, 1591153687.265, 1591153687.265, 1591153687.266, 1591153687.268
512, 1, 1, 22, 0.0, 0.0, 0.0, 0.0, 0.0, 0.0, 0.0, 0.0, 0.0, 0.0
512, 1, 1, 23, 0.0, 0.0, 0.0, 0.0, 0.0, 0.0, 0.0, 0.0, 0.0, 0.0
512, 1, 1, 24, 0.0, 0.0, 0.0, 0.0, 0.0, 0.0, 0.0, 0.0, 0.0, 0.0
512, 1, 1, 25, 0.0, 0.0, 0.0, 0.0, 0.0, 0.0, 0.0, 0.0, 0.0, 0.0
512, 1, 1, 26, 0.0, 0.0, 0.0, 0.0, 0.0, 0.0, 0.0, 0.0, 0.0, 0.0
512, 1, 1, 27, 0.0, 0.0, 0.0, 0.0, 0.0, 0.0, 0.0, 0.0, 0.0, 0.0
512, 1, 1, 28, 0.0, 0.0, 0.0, 0.0, 0.0, 0.0, 0.0, 0.0, 0.0, 0.0
512, 1, 1, 29, 0.0, 0.0, 0.0, 0.0, 0.0, 0.0, 0.0, 0.0, 0.0, 0.0
512, 1, 1, 30, 0.0, 0.0, 0.0, 0.0, 0.0, 0.0, 0.0, 0.0, 0.0, 0.0
512, 1, 1, 31, 0.0, 0.0, 0.0, 0.0, 0.0, 0.0, 0.0, 0.0, 0.0, 0.0
512, 1, 1, 32, 0.0, 0.0, 0.0, 0.0, 0.0, 0.0, 0.0, 0.0, 0.0, 0.0
512, 1, 1, 33, 0.0, 0.0, 0.0, 0.0, 0.0, 0.0, 0.0, 0.0, 0.0, 0.0
512, 1, 1, 34, 0.0, 0.0, 0.0, 0.0, 0.0, 0.0, 0.0, 0.0, 0.0, 0.0
512, 1, 1, 35, 0.0, 0.0, 0.0, 0.0, 0.0, 0.0, 0.0, 0.0, 0.0, 0.0
512, 1, 1, 36, 0.0, 0.0, 0.0, 0.0, 0.0, 0.0, 0.0, 0.0, 0.0, 0.0
512, 1, 1, 37, 0.0, 0.0, 0.0, 0.0, 0.0, 0.0, 0.0, 0.0, 0.0, 0.0
512, 1, 1, 38, 0.0, 0.0, 0.0, 0.0, 0.0, 0.0, 0.0, 0.0, 0.0, 0.0
512, 1, 1, 39, 0.0, 0.0, 0.0, 0.0, 0.0, 0.0, 0.0, 0.0, 0.0, 0.0
512, 1, 1, 40, 0.0, 0.0, 0.0, 0.0, 0.0, 0.0, 0.0, 0.0, 0.0, 0.0
512, 1, 1, 41, 0.0, 0.0, 0.0, 0.0, 0.0, 0.0, 0.0, 0.0, 0.0, 0.0
512, 1, 1, 42, 0.0, 0.0, 0.0, 0.0, 0.0, 0.0, 0.0, 0.0, 0.0, 0.0
512, 1, 1, 43, 0.0, 0.0, 0.0, 0.0, 0.0, 0.0, 0.0, 0.0, 0.0, 0.0
512, 1, 1, 44, 0.0, 0.0, 0.0, 0.0, 0.0, 0.0, 0.0, 0.0, 0.0, 0.0
512, 1, 1, 45, 0.0, 0.0, 0.0, 0.0, 0.0, 0.0, 0.0, 0.0, 0.0, 0.0
512, 1, 1, 46, 0.0, 0.0, 0.0, 0.0, 0.0, 0.0, 0.0, 0.0, 0.0, 0.0
512, 1, 1, 47, 0.0, 0.0, 0.0, 0.0, 0.0, 0.0, 0.0, 0.0, 0.0, 0.0
512, 1, 1, 48, 0.0, 0.0, 0.0, 0.0, 0.0, 0.0, 0.0, 0.0, 0.0, 0.0
512, 1, 1, 49, 0.0, 0.0, 0.0, 0.0, 0.0, 0.0, 0.0, 0.0, 0.0, 0.0
512, 1, 1, 50, 0.0, 0.0, 0.0, 0.0, 0.0, 0.0, 0.0, 0.0, 0.0, 0.0
512, 1, 1, 51, 0.0, 0.0, 0.0, 0.0, 0.0, 0.0, 0.0, 0.0, 0.0, 0.0
512, 1, 1, 52, 0.0, 0.0, 0.0, 0.0, 0.0, 0.0, 0.0, 0.0, 0.0, 0.0
512, 1, 1, 53, 0.0, 0.0, 0.0, 0.0, 0.0, 0.0, 0.0, 0.0, 0.0, 0.0
512, 1, 1, 54, 0.0, 0.0, 0.0, 0.0, 0.0, 0.0, 0.0, 0.0, 0.0, 0.0
512, 1, 1, 55, 0.0, 0.0, 0.0, 0.0, 0.0, 0.0, 0.0, 0.0, 0.0, 0.0
512, 1, 1, 56, 0.0, 0.0, 0.0, 0.0, 0.0, 0.0, 0.0, 0.0, 0.0, 0.0
512, 1, 1, 57, 0.0, 0.0, 0.0, 0.0, 0.0, 0.0, 0.0, 0.0, 0.0, 0.0
512, 1, 1, 58, 0.0, 0.0, 0.0, 0.0, 0.0, 0.0, 0.0, 0.0, 0.0, 0.0
512, 1, 1, 59, 0.0, 0.0, 0.0, 0.0, 0.0, 0.0, 0.0, 0.0, 0.0, 0.0
512, 1, 1, 60, 0.0, 0.0, 0.0, 0.0, 0.0, 0.0, 0.0, 0.0, 0.0, 0.0
512, 1, 1, 61, 0.0, 0.0, 0.0, 0.0, 0.0, 0.0, 0.0, 0.0, 0.0, 0.0
512, 1, 1, 62, 0.0, 0.0, 0.0, 0.0, 0.0, 0.0, 0.0, 0.0, 0.0, 0.0
512, 1, 1, 63, 0.0, 0.0, 0.0, 0.0, 0.0, 0.0, 0.0, 0.0, 0.0, 0.0
512, 1, 1, 64, 0.0, 0.0, 0.0, 0.0, 0.0, 0.0, 0.0, 0.0, 0.0, 0.0
512, 1, 1, 65, 0.0, 0.0, 0.0, 0.0, 0.0, 0.0, 0.0, 0.0, 0.0, 0.0
512, 1, 2, 0, 1591153648.069, 1591153656.991, 1591153657.077, 1591153657.077, 1591153659.079, 1591153659.079, 1591153659.454, 1591153659.454, 1591153659.456, 1591153659.459
512, 1, 2, 1, 1591153657.077, 1591153658.767, 1591153658.776, 1591153658.776, 1591153659.717, 1591153659.965, 1591153660.34, 1591153660.34, 1591153660.341, 1591153660.344
512, 1, 2, 2, 1591153659.459, 1591153659.46, 1591153659.465, 1591153659.465, 1591153660.584, 1591153660.585, 1591153661.082, 1591153661.082, 1591153661.083, 1591153661.085
512, 1, 2, 3, 1591153660.344, 1591153660.344, 1591153660.35, 1591153660.35, 1591153661.336, 1591153661.336, 1591153661.748, 1591153661.748, 1591153661.75, 1591153661.752
512, 1, 2, 4, 1591153661.085, 1591153661.085, 1591153661.09, 1591153661.09, 1591153661.998, 1591153661.998, 1591153662.431, 1591153662.431, 1591153662.432, 1591153662.435
512, 1, 2, 5, 1591153661.752, 1591153661.752, 1591153661.758, 1591153661.779, 1591153662.688, 1591153662.688, 1591153663.12, 1591153663.12, 1591153663.121, 1591153663.123
512, 1, 2, 6, 1591153662.435, 1591153662.435, 1591153662.442, 1591153662.442, 1591153663.38, 1591153663.38, 1591153663.813, 1591153663.813, 1591153663.816, 1591153663.818
512, 1, 2, 7, 1591153663.123, 1591153663.123, 1591153663.129, 1591153663.129, 1591153664.065, 1591153664.065, 1591153664.502, 1591153664.502, 1591153664.503, 1591153664.505
512, 1, 2, 8, 1591153663.818, 1591153663.819, 1591153663.827, 1591153663.827, 1591153664.757, 1591153664.757, 1591153665.209, 1591153665.209, 1591153665.21, 1591153665.212
512, 1, 2, 9, 1591153664.505, 1591153664.506, 1591153664.512, 1591153664.512, 1591153672.499, 1591153672.499, 1591153673.855, 1591153673.856, 1591153673.857, 1591153673.86
512, 1, 2, 10, 1591153665.212, 1591153672.229, 1591153672.238, 1591153672.239, 1591153674.723, 1591153674.723, 1591153676.673, 1591153676.673, 1591153676.674, 1591153676.676
512, 1, 2, 11, 1591153673.86, 1591153674.713, 1591153674.72, 1591153674.72, 1591153676.958, 1591153676.958, 1591153677.348, 1591153677.348, 1591153677.349, 1591153677.351
512, 1, 2, 12, 1591153676.676, 1591153676.676, 1591153676.696, 1591153676.71, 1591153677.599, 1591153677.641, 1591153678.07, 1591153678.07, 1591153678.071, 1591153678.074
512, 1, 2, 13, 1591153677.351, 1591153677.351, 1591153677.355, 1591153677.355, 1591153678.32, 1591153678.32, 1591153678.759, 1591153678.759, 1591153678.761, 1591153678.764
512, 1, 2, 14, 1591153678.074, 1591153678.074, 1591153678.081, 1591153678.081, 1591153679.012, 1591153679.012, 1591153679.441, 1591153679.441, 1591153679.444, 1591153679.447
512, 1, 2, 15, 1591153678.764, 1591153678.764, 1591153678.771, 1591153678.771, 1591153679.697, 1591153679.697, 1591153680.205, 1591153680.205, 1591153680.206, 1591153680.209
512, 1, 2, 16, 1591153679.447, 1591153679.448, 1591153679.457, 1591153679.458, 1591153680.448, 1591153680.448, 1591153680.885, 1591153680.885, 1591153680.887, 1591153680.889
512, 1, 2, 17, 1591153680.209, 1591153680.209, 1591153680.215, 1591153680.215, 1591153681.138, 1591153681.138, 1591153681.578, 1591153681.578, 1591153681.58, 1591153681.582
512, 1, 2, 18, 1591153680.889, 1591153680.889, 1591153680.895, 1591153680.896, 1591153681.826, 1591153681.826, 1591153682.275, 1591153682.275, 1591153682.277, 1591153682.279
512, 1, 2, 19, 1591153681.582, 1591153681.583, 1591153681.591, 1591153681.591, 1591153685.019, 1591153685.02, 1591153686.578, 1591153686.578, 1591153686.58, 1591153686.582
512, 1, 2, 20, 1591153682.279, 1591153684.775, 1591153684.784, 1591153684.796, 1591153686.841, 1591153686.841, 1591153687.247, 1591153687.247, 1591153687.248, 1591153687.25
512, 1, 2, 21, 1591153686.582, 1591153686.582, 1591153686.588, 1591153686.588, 1591153687.252, 1591153687.252, 1591153687.265, 1591153687.265, 1591153687.266, 1591153687.268
512, 1, 2, 22, 0.0, 0.0, 0.0, 0.0, 0.0, 0.0, 0.0, 0.0, 0.0, 0.0
512, 1, 2, 23, 0.0, 0.0, 0.0, 0.0, 0.0, 0.0, 0.0, 0.0, 0.0, 0.0
512, 1, 2, 24, 0.0, 0.0, 0.0, 0.0, 0.0, 0.0, 0.0, 0.0, 0.0, 0.0
512, 1, 2, 25, 0.0, 0.0, 0.0, 0.0, 0.0, 0.0, 0.0, 0.0, 0.0, 0.0
512, 1, 2, 26, 0.0, 0.0, 0.0, 0.0, 0.0, 0.0, 0.0, 0.0, 0.0, 0.0
512, 1, 2, 27, 0.0, 0.0, 0.0, 0.0, 0.0, 0.0, 0.0, 0.0, 0.0, 0.0
512, 1, 2, 28, 0.0, 0.0, 0.0, 0.0, 0.0, 0.0, 0.0, 0.0, 0.0, 0.0
512, 1, 2, 29, 0.0, 0.0, 0.0, 0.0, 0.0, 0.0, 0.0, 0.0, 0.0, 0.0
512, 1, 2, 30, 0.0, 0.0, 0.0, 0.0, 0.0, 0.0, 0.0, 0.0, 0.0, 0.0
512, 1, 2, 31, 0.0, 0.0, 0.0, 0.0, 0.0, 0.0, 0.0, 0.0, 0.0, 0.0
512, 1, 2, 32, 0.0, 0.0, 0.0, 0.0, 0.0, 0.0, 0.0, 0.0, 0.0, 0.0
512, 1, 2, 33, 0.0, 0.0, 0.0, 0.0, 0.0, 0.0, 0.0, 0.0, 0.0, 0.0
512, 1, 2, 34, 0.0, 0.0, 0.0, 0.0, 0.0, 0.0, 0.0, 0.0, 0.0, 0.0
512, 1, 2, 35, 0.0, 0.0, 0.0, 0.0, 0.0, 0.0, 0.0, 0.0, 0.0, 0.0
512, 1, 2, 36, 0.0, 0.0, 0.0, 0.0, 0.0, 0.0, 0.0, 0.0, 0.0, 0.0
512, 1, 2, 37, 0.0, 0.0, 0.0, 0.0, 0.0, 0.0, 0.0, 0.0, 0.0, 0.0
512, 1, 2, 38, 0.0, 0.0, 0.0, 0.0, 0.0, 0.0, 0.0, 0.0, 0.0, 0.0
512, 1, 2, 39, 0.0, 0.0, 0.0, 0.0, 0.0, 0.0, 0.0, 0.0, 0.0, 0.0
512, 1, 2, 40, 0.0, 0.0, 0.0, 0.0, 0.0, 0.0, 0.0, 0.0, 0.0, 0.0
512, 1, 2, 41, 0.0, 0.0, 0.0, 0.0, 0.0, 0.0, 0.0, 0.0, 0.0, 0.0
512, 1, 2, 42, 0.0, 0.0, 0.0, 0.0, 0.0, 0.0, 0.0, 0.0, 0.0, 0.0
512, 1, 2, 43, 0.0, 0.0, 0.0, 0.0, 0.0, 0.0, 0.0, 0.0, 0.0, 0.0
512, 1, 2, 44, 0.0, 0.0, 0.0, 0.0, 0.0, 0.0, 0.0, 0.0, 0.0, 0.0
512, 1, 2, 45, 0.0, 0.0, 0.0, 0.0, 0.0, 0.0, 0.0, 0.0, 0.0, 0.0
512, 1, 2, 46, 0.0, 0.0, 0.0, 0.0, 0.0, 0.0, 0.0, 0.0, 0.0, 0.0
512, 1, 2, 47, 0.0, 0.0, 0.0, 0.0, 0.0, 0.0, 0.0, 0.0, 0.0, 0.0
512, 1, 2, 48, 0.0, 0.0, 0.0, 0.0, 0.0, 0.0, 0.0, 0.0, 0.0, 0.0
512, 1, 2, 49, 0.0, 0.0, 0.0, 0.0, 0.0, 0.0, 0.0, 0.0, 0.0, 0.0
512, 1, 2, 50, 0.0, 0.0, 0.0, 0.0, 0.0, 0.0, 0.0, 0.0, 0.0, 0.0
512, 1, 2, 51, 0.0, 0.0, 0.0, 0.0, 0.0, 0.0, 0.0, 0.0, 0.0, 0.0
512, 1, 2, 52, 0.0, 0.0, 0.0, 0.0, 0.0, 0.0, 0.0, 0.0, 0.0, 0.0
512, 1, 2, 53, 0.0, 0.0, 0.0, 0.0, 0.0, 0.0, 0.0, 0.0, 0.0, 0.0
512, 1, 2, 54, 0.0, 0.0, 0.0, 0.0, 0.0, 0.0, 0.0, 0.0, 0.0, 0.0
512, 1, 2, 55, 0.0, 0.0, 0.0, 0.0, 0.0, 0.0, 0.0, 0.0, 0.0, 0.0
512, 1, 2, 56, 0.0, 0.0, 0.0, 0.0, 0.0, 0.0, 0.0, 0.0, 0.0, 0.0
512, 1, 2, 57, 0.0, 0.0, 0.0, 0.0, 0.0, 0.0, 0.0, 0.0, 0.0, 0.0
512, 1, 2, 58, 0.0, 0.0, 0.0, 0.0, 0.0, 0.0, 0.0, 0.0, 0.0, 0.0
512, 1, 2, 59, 0.0, 0.0, 0.0, 0.0, 0.0, 0.0, 0.0, 0.0, 0.0, 0.0
512, 1, 2, 60, 0.0, 0.0, 0.0, 0.0, 0.0, 0.0, 0.0, 0.0, 0.0, 0.0
512, 1, 2, 61, 0.0, 0.0, 0.0, 0.0, 0.0, 0.0, 0.0, 0.0, 0.0, 0.0
512, 1, 2, 62, 0.0, 0.0, 0.0, 0.0, 0.0, 0.0, 0.0, 0.0, 0.0, 0.0
512, 1, 2, 63, 0.0, 0.0, 0.0, 0.0, 0.0, 0.0, 0.0, 0.0, 0.0, 0.0
512, 1, 2, 64, 0.0, 0.0, 0.0, 0.0, 0.0, 0.0, 0.0, 0.0, 0.0, 0.0
512, 1, 2, 65, 0.0, 0.0, 0.0, 0.0, 0.0, 0.0, 0.0, 0.0, 0.0, 0.0
512, 1, 3, 0, 1591153647.331, 1591153657.072, 1591153657.076, 1591153657.076, 1591153657.126, 1591153657.126, 1591153657.13, 1591153657.141, 1591153657.142, 1591153657.212
512, 1, 3, 1, 1591153657.212, 1591153657.212, 1591153657.213, 1591153657.213, 1591153657.275, 1591153657.275, 1591153657.276, 1591153657.276, 1591153657.276, 1591153657.35
512, 1, 3, 2, 1591153657.35, 1591153657.558, 1591153657.559, 1591153657.559, 1591153657.597, 1591153657.597, 1591153657.629, 1591153657.629, 1591153657.629, 1591153657.63
512, 1, 3, 3, 1591153657.63, 1591153659.416, 1591153659.417, 1591153659.417, 1591153659.453, 1591153659.453, 1591153659.454, 1591153659.454, 1591153659.454, 1591153659.518
512, 1, 3, 4, 1591153659.518, 1591153659.518, 1591153659.519, 1591153659.519, 1591153659.571, 1591153659.571, 1591153659.572, 1591153659.572, 1591153659.573, 1591153659.632
512, 1, 3, 5, 1591153659.632, 1591153659.632, 1591153659.634, 1591153659.634, 1591153659.682, 1591153659.682, 1591153659.684, 1591153659.696, 1591153659.697, 1591153659.859
512, 1, 3, 6, 1591153659.859, 1591153659.859, 1591153659.86, 1591153659.86, 1591153659.911, 1591153659.911, 1591153659.913, 1591153659.924, 1591153659.924, 1591153659.978
512, 1, 3, 7, 1591153659.978, 1591153659.979, 1591153659.98, 1591153659.98, 1591153660.027, 1591153660.027, 1591153660.032, 1591153660.062, 1591153660.062, 1591153660.081
512, 1, 3, 8, 1591153660.081, 1591153660.081, 1591153660.083, 1591153660.083, 1591153660.13, 1591153660.13, 1591153660.18, 1591153660.18, 1591153660.18, 1591153660.25
512, 1, 3, 9, 1591153660.25, 1591153660.721, 1591153660.727, 1591153660.727, 1591153660.783, 1591153660.783, 1591153660.789, 1591153660.79, 1591153660.79, 1591153660.791
512, 1, 3, 10, 1591153660.791, 1591153660.791, 1591153660.792, 1591153660.792, 1591153660.889, 1591153660.889, 1591153660.89, 1591153660.89, 1591153660.89, 1591153661.008
512, 1, 3, 11, 1591153661.008, 1591153661.009, 1591153661.01, 1591153661.01, 1591153661.06, 1591153661.06, 1591153661.062, 1591153661.062, 1591153661.062, 1591153661.115
512, 1, 3, 12, 1591153661.115, 1591153661.424, 1591153661.425, 1591153661.425, 1591153661.488, 1591153661.488, 1591153661.489, 1591153661.489, 1591153661.489, 1591153661.542
512, 1, 3, 13, 1591153661.542, 1591153661.543, 1591153661.544, 1591153661.544, 1591153661.589, 1591153661.589, 1591153661.59, 1591153661.59, 1591153661.59, 1591153661.591
512, 1, 3, 14, 1591153661.591, 1591153661.591, 1591153661.592, 1591153661.592, 1591153661.698, 1591153661.698, 1591153661.699, 1591153661.699, 1591153661.699, 1591153661.753
512, 1, 3, 15, 1591153661.753, 1591153662.08, 1591153662.082, 1591153662.082, 1591153662.142, 1591153662.142, 1591153662.144, 1591153662.144, 1591153662.144, 1591153662.198
512, 1, 3, 16, 1591153662.198, 1591153662.198, 1591153662.199, 1591153662.199, 1591153662.244, 1591153662.244, 1591153662.246, 1591153662.246, 1591153662.246, 1591153662.297
512, 1, 3, 17, 1591153662.297, 1591153662.297, 1591153662.298, 1591153662.298, 1591153662.35, 1591153662.35, 1591153662.352, 1591153662.352, 1591153662.352, 1591153662.406
512, 1, 3, 18, 1591153662.406, 1591153662.812, 1591153662.813, 1591153662.813, 1591153662.844, 1591153662.844, 1591153662.853, 1591153662.88, 1591153662.881, 1591153662.906
512, 1, 3, 19, 1591153662.906, 1591153662.906, 1591153662.907, 1591153662.907, 1591153662.959, 1591153662.959, 1591153662.96, 1591153662.96, 1591153662.96, 1591153663.01
512, 1, 3, 20, 1591153663.01, 1591153663.01, 1591153663.011, 1591153663.011, 1591153663.072, 1591153663.072, 1591153663.074, 1591153663.074, 1591153663.075, 1591153663.137
512, 1, 3, 21, 1591153663.137, 1591153663.495, 1591153663.497, 1591153663.497, 1591153663.537, 1591153663.537, 1591153663.539, 1591153663.539, 1591153663.539, 1591153663.595
512, 1, 3, 22, 1591153663.595, 1591153663.595, 1591153663.596, 1591153663.596, 1591153663.642, 1591153663.642, 1591153663.644, 1591153663.644, 1591153663.644, 1591153663.695
512, 1, 3, 23, 1591153663.695, 1591153663.695, 1591153663.696, 1591153663.696, 1591153663.753, 1591153663.753, 1591153663.755, 1591153663.757, 1591153663.757, 1591153663.806
512, 1, 3, 24, 1591153663.806, 1591153664.158, 1591153664.16, 1591153664.16, 1591153664.203, 1591153664.203, 1591153664.206, 1591153664.206, 1591153664.206, 1591153664.207
512, 1, 3, 25, 1591153664.207, 1591153664.207, 1591153664.208, 1591153664.208, 1591153664.306, 1591153664.306, 1591153664.308, 1591153664.308, 1591153664.308, 1591153664.309
512, 1, 3, 26, 1591153664.309, 1591153664.309, 1591153664.31, 1591153664.31, 1591153664.406, 1591153664.406, 1591153664.415, 1591153664.416, 1591153664.416, 1591153664.417
512, 1, 3, 27, 1591153664.417, 1591153664.778, 1591153664.78, 1591153664.78, 1591153664.831, 1591153664.831, 1591153664.832, 1591153664.843, 1591153664.844, 1591153664.889
512, 1, 3, 28, 1591153664.889, 1591153664.889, 1591153664.89, 1591153664.89, 1591153664.979, 1591153664.979, 1591153664.982, 1591153664.982, 1591153664.982, 1591153665.032
512, 1, 3, 29, 1591153665.032, 1591153665.033, 1591153665.034, 1591153665.034, 1591153665.077, 1591153665.077, 1591153665.079, 1591153665.079, 1591153665.079, 1591153665.13
512, 1, 3, 30, 1591153665.13, 1591153673.222, 1591153673.223, 1591153673.223, 1591153673.271, 1591153673.271, 1591153673.273, 1591153673.273, 1591153673.273, 1591153673.327
512, 1, 3, 31, 1591153673.327, 1591153673.327, 1591153673.329, 1591153673.329, 1591153673.406, 1591153673.406, 1591153673.408, 1591153673.415, 1591153673.415, 1591153673.46
512, 1, 3, 32, 1591153673.46, 1591153673.461, 1591153673.462, 1591153673.462, 1591153673.51, 1591153673.51, 1591153673.512, 1591153673.512, 1591153673.512, 1591153673.583
512, 1, 3, 33, 1591153673.583, 1591153676.313, 1591153676.316, 1591153676.316, 1591153676.347, 1591153676.347, 1591153676.349, 1591153676.349, 1591153676.349, 1591153676.415
512, 1, 3, 34, 1591153676.415, 1591153676.415, 1591153676.417, 1591153676.417, 1591153676.471, 1591153676.471, 1591153676.473, 1591153676.48, 1591153676.48, 1591153676.534
512, 1, 3, 35, 1591153676.534, 1591153676.534, 1591153676.535, 1591153676.535, 1591153676.591, 1591153676.591, 1591153676.594, 1591153676.594, 1591153676.594, 1591153676.691
512, 1, 3, 36, 1591153676.691, 1591153677.343, 1591153677.343, 1591153677.343, 1591153677.372, 1591153677.372, 1591153677.374, 1591153677.374, 1591153677.374, 1591153677.426
512, 1, 3, 37, 1591153677.426, 1591153677.426, 1591153677.427, 1591153677.427, 1591153677.471, 1591153677.471, 1591153677.473, 1591153677.473, 1591153677.473, 1591153677.474
512, 1, 3, 38, 1591153677.474, 1591153677.474, 1591153677.476, 1591153677.476, 1591153677.573, 1591153677.573, 1591153677.618, 1591153677.619, 1591153677.619, 1591153677.627
512, 1, 3, 39, 1591153677.627, 1591153677.699, 1591153677.701, 1591153677.701, 1591153677.747, 1591153677.747, 1591153677.751, 1591153677.751, 1591153677.751, 1591153677.752
512, 1, 3, 40, 1591153677.752, 1591153677.752, 1591153677.753, 1591153677.753, 1591153677.848, 1591153677.848, 1591153677.854, 1591153677.854, 1591153677.854, 1591153677.855
512, 1, 3, 41, 1591153677.855, 1591153677.855, 1591153677.856, 1591153677.856, 1591153677.952, 1591153677.952, 1591153677.99, 1591153677.991, 1591153677.991, 1591153678.009
512, 1, 3, 42, 1591153678.009, 1591153678.386, 1591153678.387, 1591153678.387, 1591153678.439, 1591153678.439, 1591153678.441, 1591153678.441, 1591153678.442, 1591153678.503
512, 1, 3, 43, 1591153678.503, 1591153678.503, 1591153678.504, 1591153678.504, 1591153678.552, 1591153678.552, 1591153678.553, 1591153678.554, 1591153678.554, 1591153678.606
512, 1, 3, 44, 1591153678.606, 1591153678.606, 1591153678.608, 1591153678.608, 1591153678.662, 1591153678.662, 1591153678.664, 1591153678.664, 1591153678.664, 1591153678.716
512, 1, 3, 45, 1591153678.716, 1591153679.149, 1591153679.151, 1591153679.151, 1591153679.219, 1591153679.219, 1591153679.224, 1591153679.225, 1591153679.225, 1591153679.323
512, 1, 3, 46, 1591153679.323, 1591153679.323, 1591153679.324, 1591153679.324, 1591153679.371, 1591153679.371, 1591153679.372, 1591153679.372, 1591153679.372, 1591153679.431
512, 1, 3, 47, 1591153679.431, 1591153679.431, 1591153679.433, 1591153679.433, 1591153679.48, 1591153679.48, 1591153679.483, 1591153679.504, 1591153679.505, 1591153679.543
512, 1, 3, 48, 1591153679.543, 1591153679.729, 1591153679.73, 1591153679.73, 1591153679.777, 1591153679.777, 1591153679.779, 1591153679.779, 1591153679.779, 1591153679.846
512, 1, 3, 49, 1591153679.846, 1591153679.846, 1591153679.847, 1591153679.847, 1591153679.905, 1591153679.905, 1591153679.906, 1591153679.914, 1591153679.914, 1591153679.958
512, 1, 3, 50, 1591153679.958, 1591153679.958, 1591153679.959, 1591153679.959, 1591153680.006, 1591153680.006, 1591153680.011, 1591153680.011, 1591153680.011, 1591153680.012
512, 1, 3, 51, 1591153680.012, 1591153680.552, 1591153680.554, 1591153680.554, 1591153680.608, 1591153680.608, 1591153680.612, 1591153680.612, 1591153680.612, 1591153680.666
512, 1, 3, 52, 1591153680.666, 1591153680.666, 1591153680.667, 1591153680.667, 1591153680.718, 1591153680.718, 1591153680.721, 1591153680.721, 1591153680.721, 1591153680.774
512, 1, 3, 53, 1591153680.774, 1591153680.774, 1591153680.775, 1591153680.775, 1591153680.838, 1591153680.838, 1591153680.839, 1591153680.85, 1591153680.851, 1591153680.9
512, 1, 3, 54, 1591153680.9, 1591153681.174, 1591153681.175, 1591153681.175, 1591153681.21, 1591153681.21, 1591153681.213, 1591153681.243, 1591153681.243, 1591153681.27
512, 1, 3, 55, 1591153681.27, 1591153681.27, 1591153681.271, 1591153681.271, 1591153681.32, 1591153681.32, 1591153681.323, 1591153681.323, 1591153681.323, 1591153681.377
512, 1, 3, 56, 1591153681.377, 1591153681.377, 1591153681.378, 1591153681.378, 1591153681.425, 1591153681.425, 1591153681.43, 1591153681.43, 1591153681.43, 1591153681.483
512, 1, 3, 57, 1591153681.483, 1591153681.876, 1591153681.877, 1591153681.877, 1591153681.912, 1591153681.912, 1591153681.914, 1591153681.924, 1591153681.925, 1591153681.977
512, 1, 3, 58, 1591153681.977, 1591153681.977, 1591153681.978, 1591153681.978, 1591153682.034, 1591153682.034, 1591153682.036, 1591153682.036, 1591153682.036, 1591153682.09
512, 1, 3, 59, 1591153682.09, 1591153682.09, 1591153682.091, 1591153682.091, 1591153682.152, 1591153682.152, 1591153682.154, 1591153682.154, 1591153682.154, 1591153682.206
512, 1, 3, 60, 1591153682.206, 1591153686.2, 1591153686.201, 1591153686.202, 1591153686.232, 1591153686.232, 1591153686.234, 1591153686.234, 1591153686.234, 1591153686.315
512, 1, 3, 61, 1591153686.315, 1591153686.315, 1591153686.316, 1591153686.316, 1591153686.348, 1591153686.348, 1591153686.35, 1591153686.35, 1591153686.35, 1591153686.415
512, 1, 3, 62, 1591153686.415, 1591153686.415, 1591153686.417, 1591153686.417, 1591153686.481, 1591153686.481, 1591153686.483, 1591153686.493, 1591153686.494, 1591153686.54
512, 1, 3, 63, 1591153686.54, 1591153686.877, 1591153686.878, 1591153686.878, 1591153686.914, 1591153686.914, 1591153686.915, 1591153686.915, 1591153686.915, 1591153686.98
512, 1, 3, 64, 1591153686.98, 1591153686.98, 1591153686.981, 1591153686.981, 1591153687.029, 1591153687.029, 1591153687.031, 1591153687.033, 1591153687.033, 1591153687.081
512, 1, 3, 65, 1591153687.081, 1591153687.081, 1591153687.083, 1591153687.083, 1591153687.139, 1591153687.139, 1591153687.142, 1591153687.142, 1591153687.142, 1591153687.191
512, 2, 0, 0, 1591153688.015, 1591153695.502, 1591153695.512, 1591153695.512, 1591153698.798, 1591153698.799, 1591153701.975, 1591153701.975, 1591153701.977, 1591153701.979
512, 2, 0, 1, 1591153695.512, 1591153698.488, 1591153698.494, 1591153698.494, 1591153702.255, 1591153702.255, 1591153702.666, 1591153702.666, 1591153702.667, 1591153702.669
512, 2, 0, 2, 1591153701.979, 1591153701.98, 1591153701.986, 1591153701.986, 1591153702.949, 1591153702.949, 1591153703.344, 1591153703.344, 1591153703.345, 1591153703.347
512, 2, 0, 3, 1591153702.669, 1591153702.669, 1591153702.674, 1591153702.674, 1591153703.355, 1591153703.355, 1591153704.017, 1591153704.017, 1591153704.018, 1591153704.021
512, 2, 0, 4, 1591153703.347, 1591153703.347, 1591153703.353, 1591153703.353, 1591153704.327, 1591153704.331, 1591153704.862, 1591153704.862, 1591153704.863, 1591153704.865
512, 2, 0, 5, 1591153704.021, 1591153704.021, 1591153704.027, 1591153704.027, 1591153704.873, 1591153704.873, 1591153705.531, 1591153705.531, 1591153705.533, 1591153705.535
512, 2, 0, 6, 1591153704.865, 1591153704.866, 1591153704.871, 1591153704.871, 1591153705.792, 1591153705.792, 1591153706.216, 1591153706.216, 1591153706.217, 1591153706.219
512, 2, 0, 7, 1591153705.535, 1591153705.535, 1591153705.541, 1591153705.541, 1591153706.486, 1591153706.486, 1591153706.982, 1591153706.982, 1591153706.983, 1591153706.986
512, 2, 0, 8, 1591153706.219, 1591153706.22, 1591153706.226, 1591153706.226, 1591153706.993, 1591153706.993, 1591153707.695, 1591153707.695, 1591153707.696, 1591153707.698
512, 2, 0, 9, 1591153706.986, 1591153706.986, 1591153706.992, 1591153706.992, 1591153711.849, 1591153711.849, 1591153717.479, 1591153717.479, 1591153717.48, 1591153717.482
512, 2, 0, 10, 1591153707.698, 1591153711.841, 1591153711.847, 1591153711.847, 1591153717.756, 1591153717.756, 1591153718.167, 1591153718.167, 1591153718.168, 1591153718.17
512, 2, 0, 11, 1591153717.483, 1591153717.483, 1591153717.489, 1591153717.489, 1591153718.535, 1591153718.535, 1591153718.926, 1591153718.926, 1591153718.928, 1591153718.93
512, 2, 0, 12, 1591153718.17, 1591153718.17, 1591153718.176, 1591153718.176, 1591153719.199, 1591153719.199, 1591153719.588, 1591153719.588, 1591153719.59, 1591153719.593
512, 2, 0, 13, 1591153718.93, 1591153718.931, 1591153718.938, 1591153718.938, 1591153719.854, 1591153719.854, 1591153720.28, 1591153720.28, 1591153720.281, 1591153720.283
512, 2, 0, 14, 1591153719.593, 1591153719.593, 1591153719.599, 1591153719.599, 1591153720.581, 1591153720.581, 1591153721.003, 1591153721.003, 1591153721.004, 1591153721.007
512, 2, 0, 15, 1591153720.283, 1591153720.283, 1591153720.288, 1591153720.288, 1591153721.249, 1591153721.249, 1591153721.728, 1591153721.728, 1591153721.729, 1591153721.731
512, 2, 0, 16, 1591153721.007, 1591153721.007, 1591153721.013, 1591153721.013, 1591153722.002, 1591153722.002, 1591153722.398, 1591153722.398, 1591153722.4, 1591153722.403
512, 2, 0, 17, 1591153721.731, 1591153721.731, 1591153721.736, 1591153721.736, 1591153722.664, 1591153722.664, 1591153723.076, 1591153723.076, 1591153723.078, 1591153723.08
512, 2, 0, 18, 1591153722.403, 1591153722.403, 1591153722.409, 1591153722.409, 1591153723.32, 1591153723.32, 1591153723.777, 1591153723.777, 1591153723.778, 1591153723.78
512, 2, 0, 19, 1591153723.08, 1591153723.08, 1591153723.086, 1591153723.086, 1591153725.314, 1591153725.314, 1591153727.864, 1591153727.864, 1591153727.866, 1591153727.868
512, 2, 0, 20, 1591153723.78, 1591153725.056, 1591153725.062, 1591153725.062, 1591153728.131, 1591153728.131, 1591153728.546, 1591153728.547, 1591153728.548, 1591153728.551
512, 2, 0, 21, 1591153727.868, 1591153727.868, 1591153727.874, 1591153727.875, 1591153728.552, 1591153728.552, 1591153728.564, 1591153728.564, 1591153728.565, 1591153728.567
512, 2, 0, 22, 0.0, 0.0, 0.0, 0.0, 0.0, 0.0, 0.0, 0.0, 0.0, 0.0
512, 2, 0, 23, 0.0, 0.0, 0.0, 0.0, 0.0, 0.0, 0.0, 0.0, 0.0, 0.0
512, 2, 0, 24, 0.0, 0.0, 0.0, 0.0, 0.0, 0.0, 0.0, 0.0, 0.0, 0.0
512, 2, 0, 25, 0.0, 0.0, 0.0, 0.0, 0.0, 0.0, 0.0, 0.0, 0.0, 0.0
512, 2, 0, 26, 0.0, 0.0, 0.0, 0.0, 0.0, 0.0, 0.0, 0.0, 0.0, 0.0
512, 2, 0, 27, 0.0, 0.0, 0.0, 0.0, 0.0, 0.0, 0.0, 0.0, 0.0, 0.0
512, 2, 0, 28, 0.0, 0.0, 0.0, 0.0, 0.0, 0.0, 0.0, 0.0, 0.0, 0.0
512, 2, 0, 29, 0.0, 0.0, 0.0, 0.0, 0.0, 0.0, 0.0, 0.0, 0.0, 0.0
512, 2, 0, 30, 0.0, 0.0, 0.0, 0.0, 0.0, 0.0, 0.0, 0.0, 0.0, 0.0
512, 2, 0, 31, 0.0, 0.0, 0.0, 0.0, 0.0, 0.0, 0.0, 0.0, 0.0, 0.0
512, 2, 0, 32, 0.0, 0.0, 0.0, 0.0, 0.0, 0.0, 0.0, 0.0, 0.0, 0.0
512, 2, 0, 33, 0.0, 0.0, 0.0, 0.0, 0.0, 0.0, 0.0, 0.0, 0.0, 0.0
512, 2, 0, 34, 0.0, 0.0, 0.0, 0.0, 0.0, 0.0, 0.0, 0.0, 0.0, 0.0
512, 2, 0, 35, 0.0, 0.0, 0.0, 0.0, 0.0, 0.0, 0.0, 0.0, 0.0, 0.0
512, 2, 0, 36, 0.0, 0.0, 0.0, 0.0, 0.0, 0.0, 0.0, 0.0, 0.0, 0.0
512, 2, 0, 37, 0.0, 0.0, 0.0, 0.0, 0.0, 0.0, 0.0, 0.0, 0.0, 0.0
512, 2, 0, 38, 0.0, 0.0, 0.0, 0.0, 0.0, 0.0, 0.0, 0.0, 0.0, 0.0
512, 2, 0, 39, 0.0, 0.0, 0.0, 0.0, 0.0, 0.0, 0.0, 0.0, 0.0, 0.0
512, 2, 0, 40, 0.0, 0.0, 0.0, 0.0, 0.0, 0.0, 0.0, 0.0, 0.0, 0.0
512, 2, 0, 41, 0.0, 0.0, 0.0, 0.0, 0.0, 0.0, 0.0, 0.0, 0.0, 0.0
512, 2, 0, 42, 0.0, 0.0, 0.0, 0.0, 0.0, 0.0, 0.0, 0.0, 0.0, 0.0
512, 2, 0, 43, 0.0, 0.0, 0.0, 0.0, 0.0, 0.0, 0.0, 0.0, 0.0, 0.0
512, 2, 0, 44, 0.0, 0.0, 0.0, 0.0, 0.0, 0.0, 0.0, 0.0, 0.0, 0.0
512, 2, 0, 45, 0.0, 0.0, 0.0, 0.0, 0.0, 0.0, 0.0, 0.0, 0.0, 0.0
512, 2, 0, 46, 0.0, 0.0, 0.0, 0.0, 0.0, 0.0, 0.0, 0.0, 0.0, 0.0
512, 2, 0, 47, 0.0, 0.0, 0.0, 0.0, 0.0, 0.0, 0.0, 0.0, 0.0, 0.0
512, 2, 0, 48, 0.0, 0.0, 0.0, 0.0, 0.0, 0.0, 0.0, 0.0, 0.0, 0.0
512, 2, 0, 49, 0.0, 0.0, 0.0, 0.0, 0.0, 0.0, 0.0, 0.0, 0.0, 0.0
512, 2, 0, 50, 0.0, 0.0, 0.0, 0.0, 0.0, 0.0, 0.0, 0.0, 0.0, 0.0
512, 2, 0, 51, 0.0, 0.0, 0.0, 0.0, 0.0, 0.0, 0.0, 0.0, 0.0, 0.0
512, 2, 0, 52, 0.0, 0.0, 0.0, 0.0, 0.0, 0.0, 0.0, 0.0, 0.0, 0.0
512, 2, 0, 53, 0.0, 0.0, 0.0, 0.0, 0.0, 0.0, 0.0, 0.0, 0.0, 0.0
512, 2, 0, 54, 0.0, 0.0, 0.0, 0.0, 0.0, 0.0, 0.0, 0.0, 0.0, 0.0
512, 2, 0, 55, 0.0, 0.0, 0.0, 0.0, 0.0, 0.0, 0.0, 0.0, 0.0, 0.0
512, 2, 0, 56, 0.0, 0.0, 0.0, 0.0, 0.0, 0.0, 0.0, 0.0, 0.0, 0.0
512, 2, 0, 57, 0.0, 0.0, 0.0, 0.0, 0.0, 0.0, 0.0, 0.0, 0.0, 0.0
512, 2, 0, 58, 0.0, 0.0, 0.0, 0.0, 0.0, 0.0, 0.0, 0.0, 0.0, 0.0
512, 2, 0, 59, 0.0, 0.0, 0.0, 0.0, 0.0, 0.0, 0.0, 0.0, 0.0, 0.0
512, 2, 0, 60, 0.0, 0.0, 0.0, 0.0, 0.0, 0.0, 0.0, 0.0, 0.0, 0.0
512, 2, 0, 61, 0.0, 0.0, 0.0, 0.0, 0.0, 0.0, 0.0, 0.0, 0.0, 0.0
512, 2, 0, 62, 0.0, 0.0, 0.0, 0.0, 0.0, 0.0, 0.0, 0.0, 0.0, 0.0
512, 2, 0, 63, 0.0, 0.0, 0.0, 0.0, 0.0, 0.0, 0.0, 0.0, 0.0, 0.0
512, 2, 0, 64, 0.0, 0.0, 0.0, 0.0, 0.0, 0.0, 0.0, 0.0, 0.0, 0.0
512, 2, 0, 65, 0.0, 0.0, 0.0, 0.0, 0.0, 0.0, 0.0, 0.0, 0.0, 0.0
512, 2, 1, 0, 1591153688.066, 1591153700.907, 1591153700.921, 1591153700.922, 1591153701.221, 1591153701.43, 1591153701.976, 1591153701.976, 1591153701.977, 1591153701.98
512, 2, 1, 1, 1591153700.922, 1591153700.923, 1591153701.219, 1591153701.219, 1591153702.251, 1591153702.251, 1591153702.666, 1591153702.666, 1591153702.667, 1591153702.669
512, 2, 1, 2, 1591153701.98, 1591153701.982, 1591153701.989, 1591153701.989, 1591153702.942, 1591153702.942, 1591153703.345, 1591153703.345, 1591153703.346, 1591153703.349
512, 2, 1, 3, 1591153702.669, 1591153702.669, 1591153702.675, 1591153702.675, 1591153703.618, 1591153703.618, 1591153704.017, 1591153704.017, 1591153704.018, 1591153704.021
512, 2, 1, 4, 1591153703.349, 1591153703.349, 1591153703.358, 1591153703.358, 1591153704.034, 1591153704.3, 1591153704.861, 1591153704.861, 1591153704.862, 1591153704.864
512, 2, 1, 5, 1591153704.021, 1591153704.021, 1591153704.033, 1591153704.033, 1591153705.148, 1591153705.148, 1591153705.554, 1591153705.554, 1591153705.556, 1591153705.558
512, 2, 1, 6, 1591153704.864, 1591153704.864, 1591153704.869, 1591153704.869, 1591153705.565, 1591153705.565, 1591153706.215, 1591153706.215, 1591153706.217, 1591153706.219
512, 2, 1, 7, 1591153705.558, 1591153705.558, 1591153705.563, 1591153705.563, 1591153706.518, 1591153706.518, 1591153706.976, 1591153706.976, 1591153706.977, 1591153706.979
512, 2, 1, 8, 1591153706.219, 1591153706.219, 1591153706.225, 1591153706.225, 1591153707.256, 1591153707.256, 1591153707.699, 1591153707.699, 1591153707.701, 1591153707.703
512, 2, 1, 9, 1591153706.979, 1591153706.979, 1591153706.985, 1591153706.985, 1591153717.083, 1591153717.083, 1591153717.488, 1591153717.488, 1591153717.49, 1591153717.492
512, 2, 1, 10, 1591153707.703, 1591153716.764, 1591153716.772, 1591153716.773, 1591153717.752, 1591153717.752, 1591153718.17, 1591153718.17, 1591153718.171, 1591153718.173
512, 2, 1, 11, 1591153717.492, 1591153717.492, 1591153717.499, 1591153717.499, 1591153718.451, 1591153718.451, 1591153718.919, 1591153718.919, 1591153718.921, 1591153718.923
512, 2, 1, 12, 1591153718.173, 1591153718.173, 1591153718.178, 1591153718.179, 1591153719.198, 1591153719.198, 1591153719.605, 1591153719.605, 1591153719.607, 1591153719.609
512, 2, 1, 13, 1591153718.923, 1591153718.923, 1591153718.929, 1591153718.929, 1591153719.893, 1591153719.893, 1591153720.287, 1591153720.287, 1591153720.288, 1591153720.291
512, 2, 1, 14, 1591153719.609, 1591153719.61, 1591153719.629, 1591153719.629, 1591153720.548, 1591153720.548, 1591153721.03, 1591153721.03, 1591153721.031, 1591153721.034
512, 2, 1, 15, 1591153720.291, 1591153720.291, 1591153720.298, 1591153720.298, 1591153721.305, 1591153721.305, 1591153721.728, 1591153721.728, 1591153721.729, 1591153721.731
512, 2, 1, 16, 1591153721.034, 1591153721.034, 1591153721.04, 1591153721.04, 1591153721.996, 1591153721.996, 1591153722.398, 1591153722.398, 1591153722.4, 1591153722.402
512, 2, 1, 17, 1591153721.731, 1591153721.732, 1591153721.737, 1591153721.737, 1591153722.675, 1591153722.675, 1591153723.111, 1591153723.111, 1591153723.114, 1591153723.116
512, 2, 1, 18, 1591153722.402, 1591153722.402, 1591153722.409, 1591153722.409, 1591153723.363, 1591153723.363, 1591153723.776, 1591153723.776, 1591153723.778, 1591153723.78
512, 2, 1, 19, 1591153723.116, 1591153723.116, 1591153723.121, 1591153723.121, 1591153727.475, 1591153727.475, 1591153727.865, 1591153727.865, 1591153727.866, 1591153727.868
512, 2, 1, 20, 1591153723.78, 1591153727.224, 1591153727.23, 1591153727.23, 1591153728.147, 1591153728.147, 1591153728.573, 1591153728.573, 1591153728.574, 1591153728.577
512, 2, 1, 21, 1591153727.868, 1591153727.869, 1591153727.875, 1591153727.875, 1591153728.578, 1591153728.578, 1591153728.588, 1591153728.588, 1591153728.589, 1591153728.591
512, 2, 1, 22, 0.0, 0.0, 0.0, 0.0, 0.0, 0.0, 0.0, 0.0, 0.0, 0.0
512, 2, 1, 23, 0.0, 0.0, 0.0, 0.0, 0.0, 0.0, 0.0, 0.0, 0.0, 0.0
512, 2, 1, 24, 0.0, 0.0, 0.0, 0.0, 0.0, 0.0, 0.0, 0.0, 0.0, 0.0
512, 2, 1, 25, 0.0, 0.0, 0.0, 0.0, 0.0, 0.0, 0.0, 0.0, 0.0, 0.0
512, 2, 1, 26, 0.0, 0.0, 0.0, 0.0, 0.0, 0.0, 0.0, 0.0, 0.0, 0.0
512, 2, 1, 27, 0.0, 0.0, 0.0, 0.0, 0.0, 0.0, 0.0, 0.0, 0.0, 0.0
512, 2, 1, 28, 0.0, 0.0, 0.0, 0.0, 0.0, 0.0, 0.0, 0.0, 0.0, 0.0
512, 2, 1, 29, 0.0, 0.0, 0.0, 0.0, 0.0, 0.0, 0.0, 0.0, 0.0, 0.0
512, 2, 1, 30, 0.0, 0.0, 0.0, 0.0, 0.0, 0.0, 0.0, 0.0, 0.0, 0.0
512, 2, 1, 31, 0.0, 0.0, 0.0, 0.0, 0.0, 0.0, 0.0, 0.0, 0.0, 0.0
512, 2, 1, 32, 0.0, 0.0, 0.0, 0.0, 0.0, 0.0, 0.0, 0.0, 0.0, 0.0
512, 2, 1, 33, 0.0, 0.0, 0.0, 0.0, 0.0, 0.0, 0.0, 0.0, 0.0, 0.0
512, 2, 1, 34, 0.0, 0.0, 0.0, 0.0, 0.0, 0.0, 0.0, 0.0, 0.0, 0.0
512, 2, 1, 35, 0.0, 0.0, 0.0, 0.0, 0.0, 0.0, 0.0, 0.0, 0.0, 0.0
512, 2, 1, 36, 0.0, 0.0, 0.0, 0.0, 0.0, 0.0, 0.0, 0.0, 0.0, 0.0
512, 2, 1, 37, 0.0, 0.0, 0.0, 0.0, 0.0, 0.0, 0.0, 0.0, 0.0, 0.0
512, 2, 1, 38, 0.0, 0.0, 0.0, 0.0, 0.0, 0.0, 0.0, 0.0, 0.0, 0.0
512, 2, 1, 39, 0.0, 0.0, 0.0, 0.0, 0.0, 0.0, 0.0, 0.0, 0.0, 0.0
512, 2, 1, 40, 0.0, 0.0, 0.0, 0.0, 0.0, 0.0, 0.0, 0.0, 0.0, 0.0
512, 2, 1, 41, 0.0, 0.0, 0.0, 0.0, 0.0, 0.0, 0.0, 0.0, 0.0, 0.0
512, 2, 1, 42, 0.0, 0.0, 0.0, 0.0, 0.0, 0.0, 0.0, 0.0, 0.0, 0.0
512, 2, 1, 43, 0.0, 0.0, 0.0, 0.0, 0.0, 0.0, 0.0, 0.0, 0.0, 0.0
512, 2, 1, 44, 0.0, 0.0, 0.0, 0.0, 0.0, 0.0, 0.0, 0.0, 0.0, 0.0
512, 2, 1, 45, 0.0, 0.0, 0.0, 0.0, 0.0, 0.0, 0.0, 0.0, 0.0, 0.0
512, 2, 1, 46, 0.0, 0.0, 0.0, 0.0, 0.0, 0.0, 0.0, 0.0, 0.0, 0.0
512, 2, 1, 47, 0.0, 0.0, 0.0, 0.0, 0.0, 0.0, 0.0, 0.0, 0.0, 0.0
512, 2, 1, 48, 0.0, 0.0, 0.0, 0.0, 0.0, 0.0, 0.0, 0.0, 0.0, 0.0
512, 2, 1, 49, 0.0, 0.0, 0.0, 0.0, 0.0, 0.0, 0.0, 0.0, 0.0, 0.0
512, 2, 1, 50, 0.0, 0.0, 0.0, 0.0, 0.0, 0.0, 0.0, 0.0, 0.0, 0.0
512, 2, 1, 51, 0.0, 0.0, 0.0, 0.0, 0.0, 0.0, 0.0, 0.0, 0.0, 0.0
512, 2, 1, 52, 0.0, 0.0, 0.0, 0.0, 0.0, 0.0, 0.0, 0.0, 0.0, 0.0
512, 2, 1, 53, 0.0, 0.0, 0.0, 0.0, 0.0, 0.0, 0.0, 0.0, 0.0, 0.0
512, 2, 1, 54, 0.0, 0.0, 0.0, 0.0, 0.0, 0.0, 0.0, 0.0, 0.0, 0.0
512, 2, 1, 55, 0.0, 0.0, 0.0, 0.0, 0.0, 0.0, 0.0, 0.0, 0.0, 0.0
512, 2, 1, 56, 0.0, 0.0, 0.0, 0.0, 0.0, 0.0, 0.0, 0.0, 0.0, 0.0
512, 2, 1, 57, 0.0, 0.0, 0.0, 0.0, 0.0, 0.0, 0.0, 0.0, 0.0, 0.0
512, 2, 1, 58, 0.0, 0.0, 0.0, 0.0, 0.0, 0.0, 0.0, 0.0, 0.0, 0.0
512, 2, 1, 59, 0.0, 0.0, 0.0, 0.0, 0.0, 0.0, 0.0, 0.0, 0.0, 0.0
512, 2, 1, 60, 0.0, 0.0, 0.0, 0.0, 0.0, 0.0, 0.0, 0.0, 0.0, 0.0
512, 2, 1, 61, 0.0, 0.0, 0.0, 0.0, 0.0, 0.0, 0.0, 0.0, 0.0, 0.0
512, 2, 1, 62, 0.0, 0.0, 0.0, 0.0, 0.0, 0.0, 0.0, 0.0, 0.0, 0.0
512, 2, 1, 63, 0.0, 0.0, 0.0, 0.0, 0.0, 0.0, 0.0, 0.0, 0.0, 0.0
512, 2, 1, 64, 0.0, 0.0, 0.0, 0.0, 0.0, 0.0, 0.0, 0.0, 0.0, 0.0
512, 2, 1, 65, 0.0, 0.0, 0.0, 0.0, 0.0, 0.0, 0.0, 0.0, 0.0, 0.0
512, 2, 2, 0, 1591153688.06, 1591153698.158, 1591153698.181, 1591153698.181, 1591153698.548, 1591153701.584, 1591153701.975, 1591153701.975, 1591153701.977, 1591153701.98
512, 2, 2, 1, 1591153698.182, 1591153698.182, 1591153698.545, 1591153698.545, 1591153702.234, 1591153702.234, 1591153702.666, 1591153702.666, 1591153702.667, 1591153702.669
512, 2, 2, 2, 1591153701.98, 1591153701.982, 1591153701.989, 1591153701.989, 1591153702.916, 1591153702.916, 1591153703.344, 1591153703.344, 1591153703.345, 1591153703.348
512, 2, 2, 3, 1591153702.669, 1591153702.669, 1591153702.675, 1591153702.675, 1591153703.602, 1591153703.603, 1591153704.017, 1591153704.017, 1591153704.018, 1591153704.02
512, 2, 2, 4, 1591153703.348, 1591153703.348, 1591153703.356, 1591153703.362, 1591153704.27, 1591153704.502, 1591153704.863, 1591153704.863, 1591153704.864, 1591153704.866
512, 2, 2, 5, 1591153704.02, 1591153704.02, 1591153704.027, 1591153704.027, 1591153705.111, 1591153705.111, 1591153705.532, 1591153705.532, 1591153705.534, 1591153705.535
512, 2, 2, 6, 1591153704.866, 1591153704.867, 1591153704.873, 1591153704.873, 1591153705.79, 1591153705.79, 1591153706.215, 1591153706.215, 1591153706.216, 1591153706.218
512, 2, 2, 7, 1591153705.535, 1591153705.536, 1591153705.541, 1591153705.541, 1591153706.614, 1591153706.614, 1591153706.975, 1591153706.975, 1591153706.977, 1591153706.978
512, 2, 2, 8, 1591153706.218, 1591153706.219, 1591153706.225, 1591153706.225, 1591153706.985, 1591153706.985, 1591153707.695, 1591153707.695, 1591153707.696, 1591153707.698
512, 2, 2, 9, 1591153706.978, 1591153706.979, 1591153706.984, 1591153706.984, 1591153715.561, 1591153715.561, 1591153717.479, 1591153717.479, 1591153717.485, 1591153717.488
512, 2, 2, 10, 1591153707.698, 1591153715.241, 1591153715.247, 1591153715.247, 1591153717.731, 1591153717.731, 1591153718.166, 1591153718.166, 1591153718.168, 1591153718.17
512, 2, 2, 11, 1591153717.488, 1591153717.489, 1591153717.501, 1591153717.501, 1591153718.42, 1591153718.42, 1591153718.92, 1591153718.92, 1591153718.921, 1591153718.923
512, 2, 2, 12, 1591153718.17, 1591153718.17, 1591153718.177, 1591153718.177, 1591153719.174, 1591153719.174, 1591153719.588, 1591153719.588, 1591153719.589, 1591153719.591
512, 2, 2, 13, 1591153718.923, 1591153718.923, 1591153718.93, 1591153718.93, 1591153719.849, 1591153719.849, 1591153720.28, 1591153720.28, 1591153720.282, 1591153720.284
512, 2, 2, 14, 1591153719.591, 1591153719.591, 1591153719.597, 1591153719.597, 1591153720.53, 1591153720.53, 1591153721.003, 1591153721.003, 1591153721.004, 1591153721.007
512, 2, 2, 15, 1591153720.284, 1591153720.285, 1591153720.292, 1591153720.292, 1591153721.239, 1591153721.239, 1591153721.728, 1591153721.728, 1591153721.729, 1591153721.731
512, 2, 2, 16, 1591153721.007, 1591153721.008, 1591153721.016, 1591153721.036, 1591153721.973, 1591153721.973, 1591153722.409, 1591153722.409, 1591153722.41, 1591153722.412
512, 2, 2, 17, 1591153721.731, 1591153721.731, 1591153721.737, 1591153721.737, 1591153722.661, 1591153722.661, 1591153723.087, 1591153723.087, 1591153723.088, 1591153723.09
512, 2, 2, 18, 1591153722.412, 1591153722.412, 1591153722.418, 1591153722.437, 1591153723.343, 1591153723.343, 1591153723.776, 1591153723.776, 1591153723.778, 1591153723.78
512, 2, 2, 19, 1591153723.09, 1591153723.09, 1591153723.096, 1591153723.096, 1591153726.413, 1591153726.413, 1591153727.864, 1591153727.864, 1591153727.866, 1591153727.868
512, 2, 2, 20, 1591153723.78, 1591153726.176, 1591153726.184, 1591153726.184, 1591153728.122, 1591153728.122, 1591153728.546, 1591153728.546, 1591153728.547, 1591153728.549
512, 2, 2, 21, 1591153727.868, 1591153727.869, 1591153727.875, 1591153727.875, 1591153728.55, 1591153728.567, 1591153728.58, 1591153728.58, 1591153728.582, 1591153728.584
512, 2, 2, 22, 0.0, 0.0, 0.0, 0.0, 0.0, 0.0, 0.0, 0.0, 0.0, 0.0
512, 2, 2, 23, 0.0, 0.0, 0.0, 0.0, 0.0, 0.0, 0.0, 0.0, 0.0, 0.0
512, 2, 2, 24, 0.0, 0.0, 0.0, 0.0, 0.0, 0.0, 0.0, 0.0, 0.0, 0.0
512, 2, 2, 25, 0.0, 0.0, 0.0, 0.0, 0.0, 0.0, 0.0, 0.0, 0.0, 0.0
512, 2, 2, 26, 0.0, 0.0, 0.0, 0.0, 0.0, 0.0, 0.0, 0.0, 0.0, 0.0
512, 2, 2, 27, 0.0, 0.0, 0.0, 0.0, 0.0, 0.0, 0.0, 0.0, 0.0, 0.0
512, 2, 2, 28, 0.0, 0.0, 0.0, 0.0, 0.0, 0.0, 0.0, 0.0, 0.0, 0.0
512, 2, 2, 29, 0.0, 0.0, 0.0, 0.0, 0.0, 0.0, 0.0, 0.0, 0.0, 0.0
512, 2, 2, 30, 0.0, 0.0, 0.0, 0.0, 0.0, 0.0, 0.0, 0.0, 0.0, 0.0
512, 2, 2, 31, 0.0, 0.0, 0.0, 0.0, 0.0, 0.0, 0.0, 0.0, 0.0, 0.0
512, 2, 2, 32, 0.0, 0.0, 0.0, 0.0, 0.0, 0.0, 0.0, 0.0, 0.0, 0.0
512, 2, 2, 33, 0.0, 0.0, 0.0, 0.0, 0.0, 0.0, 0.0, 0.0, 0.0, 0.0
512, 2, 2, 34, 0.0, 0.0, 0.0, 0.0, 0.0, 0.0, 0.0, 0.0, 0.0, 0.0
512, 2, 2, 35, 0.0, 0.0, 0.0, 0.0, 0.0, 0.0, 0.0, 0.0, 0.0, 0.0
512, 2, 2, 36, 0.0, 0.0, 0.0, 0.0, 0.0, 0.0, 0.0, 0.0, 0.0, 0.0
512, 2, 2, 37, 0.0, 0.0, 0.0, 0.0, 0.0, 0.0, 0.0, 0.0, 0.0, 0.0
512, 2, 2, 38, 0.0, 0.0, 0.0, 0.0, 0.0, 0.0, 0.0, 0.0, 0.0, 0.0
512, 2, 2, 39, 0.0, 0.0, 0.0, 0.0, 0.0, 0.0, 0.0, 0.0, 0.0, 0.0
512, 2, 2, 40, 0.0, 0.0, 0.0, 0.0, 0.0, 0.0, 0.0, 0.0, 0.0, 0.0
512, 2, 2, 41, 0.0, 0.0, 0.0, 0.0, 0.0, 0.0, 0.0, 0.0, 0.0, 0.0
512, 2, 2, 42, 0.0, 0.0, 0.0, 0.0, 0.0, 0.0, 0.0, 0.0, 0.0, 0.0
512, 2, 2, 43, 0.0, 0.0, 0.0, 0.0, 0.0, 0.0, 0.0, 0.0, 0.0, 0.0
512, 2, 2, 44, 0.0, 0.0, 0.0, 0.0, 0.0, 0.0, 0.0, 0.0, 0.0, 0.0
512, 2, 2, 45, 0.0, 0.0, 0.0, 0.0, 0.0, 0.0, 0.0, 0.0, 0.0, 0.0
512, 2, 2, 46, 0.0, 0.0, 0.0, 0.0, 0.0, 0.0, 0.0, 0.0, 0.0, 0.0
512, 2, 2, 47, 0.0, 0.0, 0.0, 0.0, 0.0, 0.0, 0.0, 0.0, 0.0, 0.0
512, 2, 2, 48, 0.0, 0.0, 0.0, 0.0, 0.0, 0.0, 0.0, 0.0, 0.0, 0.0
512, 2, 2, 49, 0.0, 0.0, 0.0, 0.0, 0.0, 0.0, 0.0, 0.0, 0.0, 0.0
512, 2, 2, 50, 0.0, 0.0, 0.0, 0.0, 0.0, 0.0, 0.0, 0.0, 0.0, 0.0
512, 2, 2, 51, 0.0, 0.0, 0.0, 0.0, 0.0, 0.0, 0.0, 0.0, 0.0, 0.0
512, 2, 2, 52, 0.0, 0.0, 0.0, 0.0, 0.0, 0.0, 0.0, 0.0, 0.0, 0.0
512, 2, 2, 53, 0.0, 0.0, 0.0, 0.0, 0.0, 0.0, 0.0, 0.0, 0.0, 0.0
512, 2, 2, 54, 0.0, 0.0, 0.0, 0.0, 0.0, 0.0, 0.0, 0.0, 0.0, 0.0
512, 2, 2, 55, 0.0, 0.0, 0.0, 0.0, 0.0, 0.0, 0.0, 0.0, 0.0, 0.0
512, 2, 2, 56, 0.0, 0.0, 0.0, 0.0, 0.0, 0.0, 0.0, 0.0, 0.0, 0.0
512, 2, 2, 57, 0.0, 0.0, 0.0, 0.0, 0.0, 0.0, 0.0, 0.0, 0.0, 0.0
512, 2, 2, 58, 0.0, 0.0, 0.0, 0.0, 0.0, 0.0, 0.0, 0.0, 0.0, 0.0
512, 2, 2, 59, 0.0, 0.0, 0.0, 0.0, 0.0, 0.0, 0.0, 0.0, 0.0, 0.0
512, 2, 2, 60, 0.0, 0.0, 0.0, 0.0, 0.0, 0.0, 0.0, 0.0, 0.0, 0.0
512, 2, 2, 61, 0.0, 0.0, 0.0, 0.0, 0.0, 0.0, 0.0, 0.0, 0.0, 0.0
512, 2, 2, 62, 0.0, 0.0, 0.0, 0.0, 0.0, 0.0, 0.0, 0.0, 0.0, 0.0
512, 2, 2, 63, 0.0, 0.0, 0.0, 0.0, 0.0, 0.0, 0.0, 0.0, 0.0, 0.0
512, 2, 2, 64, 0.0, 0.0, 0.0, 0.0, 0.0, 0.0, 0.0, 0.0, 0.0, 0.0
512, 2, 2, 65, 0.0, 0.0, 0.0, 0.0, 0.0, 0.0, 0.0, 0.0, 0.0, 0.0
512, 2, 3, 0, 1591153687.208, 1591153695.795, 1591153695.796, 1591153695.796, 1591153695.84, 1591153695.84, 1591153695.846, 1591153695.846, 1591153695.846, 1591153695.926
512, 2, 3, 1, 1591153695.926, 1591153701.244, 1591153701.246, 1591153701.246, 1591153701.285, 1591153701.285, 1591153701.286, 1591153701.286, 1591153701.286, 1591153701.368
512, 2, 3, 2, 1591153701.368, 1591153701.368, 1591153701.369, 1591153701.369, 1591153701.424, 1591153701.424, 1591153701.426, 1591153701.426, 1591153701.426, 1591153701.427
512, 2, 3, 3, 1591153701.427, 1591153701.427, 1591153701.428, 1591153701.428, 1591153701.543, 1591153701.543, 1591153701.564, 1591153701.564, 1591153701.564, 1591153701.625
512, 2, 3, 4, 1591153701.625, 1591153701.625, 1591153701.626, 1591153701.626, 1591153701.678, 1591153701.678, 1591153701.69, 1591153701.69, 1591153701.691, 1591153701.758
512, 2, 3, 5, 1591153701.758, 1591153701.758, 1591153701.759, 1591153701.759, 1591153701.808, 1591153701.808, 1591153701.81, 1591153701.81, 1591153701.811, 1591153701.812
512, 2, 3, 6, 1591153701.812, 1591153702.335, 1591153702.336, 1591153702.336, 1591153702.371, 1591153702.371, 1591153702.404, 1591153702.404, 1591153702.404, 1591153702.405
512, 2, 3, 7, 1591153702.405, 1591153702.405, 1591153702.406, 1591153702.406, 1591153702.472, 1591153702.472, 1591153702.474, 1591153702.474, 1591153702.474, 1591153702.53
512, 2, 3, 8, 1591153702.53, 1591153702.53, 1591153702.531, 1591153702.531, 1591153702.591, 1591153702.591, 1591153702.593, 1591153702.593, 1591153702.593, 1591153702.594
512, 2, 3, 9, 1591153702.594, 1591153703.019, 1591153703.02, 1591153703.02, 1591153703.05, 1591153703.05, 1591153703.052, 1591153703.052, 1591153703.052, 1591153703.112
512, 2, 3, 10, 1591153703.112, 1591153703.112, 1591153703.113, 1591153703.113, 1591153703.16, 1591153703.16, 1591153703.163, 1591153703.163, 1591153703.163, 1591153703.223
512, 2, 3, 11, 1591153703.223, 1591153703.223, 1591153703.224, 1591153703.224, 1591153703.278, 1591153703.278, 1591153703.28, 1591153703.28, 1591153703.28, 1591153703.355
512, 2, 3, 12, 1591153703.355, 1591153704.018, 1591153704.02, 1591153704.02, 1591153704.05, 1591153704.05, 1591153704.065, 1591153704.065, 1591153704.065, 1591153704.118
512, 2, 3, 13, 1591153704.118, 1591153704.118, 1591153704.119, 1591153704.119, 1591153704.165, 1591153704.165, 1591153704.174, 1591153704.174, 1591153704.174, 1591153704.228
512, 2, 3, 14, 1591153704.228, 1591153704.228, 1591153704.229, 1591153704.229, 1591153704.276, 1591153704.276, 1591153704.278, 1591153704.278, 1591153704.278, 1591153704.392
512, 2, 3, 15, 1591153704.392, 1591153704.392, 1591153704.393, 1591153704.393, 1591153704.446, 1591153704.446, 1591153704.45, 1591153704.45, 1591153704.45, 1591153704.503
512, 2, 3, 16, 1591153704.503, 1591153704.503, 1591153704.505, 1591153704.505, 1591153704.549, 1591153704.549, 1591153704.553, 1591153704.553, 1591153704.553, 1591153704.554
512, 2, 3, 17, 1591153704.554, 1591153704.554, 1591153704.555, 1591153704.555, 1591153704.655, 1591153704.655, 1591153704.682, 1591153704.682, 1591153704.682, 1591153704.717
512, 2, 3, 18, 1591153704.717, 1591153705.206, 1591153705.207, 1591153705.207, 1591153705.263, 1591153705.263, 1591153705.266, 1591153705.295, 1591153705.296, 1591153705.319
512, 2, 3, 19, 1591153705.319, 1591153705.319, 1591153705.32, 1591153705.32, 1591153705.37, 1591153705.37, 1591153705.372, 1591153705.372, 1591153705.372, 1591153705.427
512, 2, 3, 20, 1591153705.427, 1591153705.427, 1591153705.428, 1591153705.428, 1591153705.482, 1591153705.482, 1591153705.487, 1591153705.487, 1591153705.487, 1591153705.488
512, 2, 3, 21, 1591153705.488, 1591153705.852, 1591153705.853, 1591153705.853, 1591153705.885, 1591153705.885, 1591153705.887, 1591153705.887, 1591153705.887, 1591153705.94
512, 2, 3, 22, 1591153705.94, 1591153706.228, 1591153706.229, 1591153706.229, 1591153706.259, 1591153706.259, 1591153706.261, 1591153706.261, 1591153706.261, 1591153706.324
512, 2, 3, 23, 1591153706.324, 1591153706.324, 1591153706.325, 1591153706.325, 1591153706.37, 1591153706.37, 1591153706.372, 1591153706.372, 1591153706.372, 1591153706.423
512, 2, 3, 24, 1591153706.423, 1591153706.509, 1591153706.51, 1591153706.51, 1591153706.538, 1591153706.538, 1591153706.548, 1591153706.548, 1591153706.548, 1591153706.602
512, 2, 3, 25, 1591153706.602, 1591153706.602, 1591153706.603, 1591153706.603, 1591153706.743, 1591153706.743, 1591153706.745, 1591153706.745, 1591153706.745, 1591153706.812
512, 2, 3, 26, 1591153706.812, 1591153706.812, 1591153706.813, 1591153706.813, 1591153706.844, 1591153706.844, 1591153706.846, 1591153706.846, 1591153706.846, 1591153706.901
512, 2, 3, 27, 1591153706.901, 1591153707.316, 1591153707.317, 1591153707.317, 1591153707.358, 1591153707.358, 1591153707.361, 1591153707.361, 1591153707.361, 1591153707.362
512, 2, 3, 28, 1591153707.362, 1591153707.362, 1591153707.363, 1591153707.363, 1591153707.46, 1591153707.46, 1591153707.461, 1591153707.461, 1591153707.461, 1591153707.514
512, 2, 3, 29, 1591153707.514, 1591153707.514, 1591153707.515, 1591153707.515, 1591153707.573, 1591153707.573, 1591153707.574, 1591153707.574, 1591153707.574, 1591153707.641
512, 2, 3, 30, 1591153707.641, 1591153712.355, 1591153712.357, 1591153712.357, 1591153712.403, 1591153712.403, 1591153712.404, 1591153712.414, 1591153712.415, 1591153712.457
512, 2, 3, 31, 1591153712.457, 1591153717.111, 1591153717.113, 1591153717.113, 1591153717.142, 1591153717.142, 1591153717.144, 1591153717.144, 1591153717.144, 1591153717.145
512, 2, 3, 32, 1591153717.145, 1591153717.145, 1591153717.146, 1591153717.146, 1591153717.242, 1591153717.242, 1591153717.248, 1591153717.248, 1591153717.248, 1591153717.299
512, 2, 3, 33, 1591153717.299, 1591153717.78, 1591153717.782, 1591153717.782, 1591153717.81, 1591153717.81, 1591153717.818, 1591153717.84, 1591153717.841, 1591153717.904
512, 2, 3, 34, 1591153717.904, 1591153717.904, 1591153717.905, 1591153717.905, 1591153717.951, 1591153717.951, 1591153717.952, 1591153717.952, 1591153717.952, 1591153717.953
512, 2, 3, 35, 1591153717.953, 1591153717.953, 1591153717.954, 1591153717.954, 1591153718.065, 1591153718.065, 1591153718.066, 1591153718.066, 1591153718.066, 1591153718.122
512, 2, 3, 36, 1591153718.122, 1591153718.556, 1591153718.557, 1591153718.557, 1591153718.588, 1591153718.588, 1591153718.603, 1591153718.603, 1591153718.603, 1591153718.649
512, 2, 3, 37, 1591153718.649, 1591153718.649, 1591153718.65, 1591153718.65, 1591153718.698, 1591153718.698, 1591153718.699, 1591153718.699, 1591153718.699, 1591153718.7
512, 2, 3, 38, 1591153718.7, 1591153718.7, 1591153718.701, 1591153718.701, 1591153718.803, 1591153718.803, 1591153718.842, 1591153718.842, 1591153718.842, 1591153718.86
512, 2, 3, 39, 1591153718.86, 1591153719.259, 1591153719.261, 1591153719.261, 1591153719.301, 1591153719.301, 1591153719.305, 1591153719.305, 1591153719.306, 1591153719.36
512, 2, 3, 40, 1591153719.36, 1591153719.36, 1591153719.361, 1591153719.361, 1591153719.411, 1591153719.411, 1591153719.413, 1591153719.413, 1591153719.413, 1591153719.466
512, 2, 3, 41, 1591153719.466, 1591153719.466, 1591153719.468, 1591153719.468, 1591153719.514, 1591153719.514, 1591153719.518, 1591153719.519, 1591153719.519, 1591153719.568
512, 2, 3, 42, 1591153719.568, 1591153719.881, 1591153719.883, 1591153719.883, 1591153719.921, 1591153719.921, 1591153719.924, 1591153719.955, 1591153719.955, 1591153720.012
512, 2, 3, 43, 1591153720.012, 1591153720.012, 1591153720.013, 1591153720.013, 1591153720.072, 1591153720.072, 1591153720.098, 1591153720.098, 1591153720.098, 1591153720.099
512, 2, 3, 44, 1591153720.099, 1591153720.099, 1591153720.169, 1591153720.169, 1591153720.173, 1591153720.173, 1591153720.174, 1591153720.174, 1591153720.174, 1591153720.176
512, 2, 3, 45, 1591153720.176, 1591153720.642, 1591153720.643, 1591153720.643, 1591153720.688, 1591153720.688, 1591153720.737, 1591153720.738, 1591153720.738, 1591153720.739
512, 2, 3, 46, 1591153720.739, 1591153720.739, 1591153720.74, 1591153720.74, 1591153720.793, 1591153720.793, 1591153720.794, 1591153720.795, 1591153720.795, 1591153720.843
512, 2, 3, 47, 1591153720.843, 1591153720.843, 1591153720.844, 1591153720.844, 1591153720.891, 1591153720.891, 1591153720.894, 1591153720.894, 1591153720.894, 1591153720.958
512, 2, 3, 48, 1591153720.958, 1591153721.312, 1591153721.313, 1591153721.313, 1591153721.345, 1591153721.345, 1591153721.347, 1591153721.376, 1591153721.377, 1591153721.429
512, 2, 3, 49, 1591153721.429, 1591153721.429, 1591153721.43, 1591153721.43, 1591153721.478, 1591153721.478, 1591153721.48, 1591153721.48, 1591153721.48, 1591153721.481
512, 2, 3, 50, 1591153721.481, 1591153721.481, 1591153721.482, 1591153721.482, 1591153721.575, 1591153721.575, 1591153721.581, 1591153721.581, 1591153721.581, 1591153721.653
512, 2, 3, 51, 1591153721.653, 1591153722.024, 1591153722.026, 1591153722.026, 1591153722.084, 1591153722.084, 1591153722.088, 1591153722.088, 1591153722.088, 1591153722.089
512, 2, 3, 52, 1591153722.089, 1591153722.089, 1591153722.09, 1591153722.09, 1591153722.189, 1591153722.189, 1591153722.19, 1591153722.191, 1591153722.191, 1591153722.244
512, 2, 3, 53, 1591153722.244, 1591153722.244, 1591153722.245, 1591153722.245, 1591153722.31, 1591153722.31, 1591153722.312, 1591153722.313, 1591153722.313, 1591153722.385
512, 2, 3, 54, 1591153722.385, 1591153722.691, 1591153722.692, 1591153722.692, 1591153722.723, 1591153722.723, 1591153722.73, 1591153722.73, 1591153722.73, 1591153722.796
512, 2, 3, 55, 1591153722.796, 1591153722.796, 1591153722.797, 1591153722.797, 1591153722.862, 1591153722.862, 1591153722.865, 1591153722.865, 1591153722.865, 1591153722.919
512, 2, 3, 56, 1591153722.919, 1591153722.919, 1591153722.92, 1591153722.92, 1591153722.981, 1591153722.981, 1591153722.983, 1591153722.983, 1591153722.983, 1591153722.984
512, 2, 3, 57, 1591153722.984, 1591153723.343, 1591153723.344, 1591153723.344, 1591153723.413, 1591153723.413, 1591153723.415, 1591153723.426, 1591153723.426, 1591153723.473
512, 2, 3, 58, 1591153723.473, 1591153723.473, 1591153723.474, 1591153723.474, 1591153723.519, 1591153723.519, 1591153723.531, 1591153723.532, 1591153723.532, 1591153723.573
512, 2, 3, 59, 1591153723.573, 1591153723.573, 1591153723.574, 1591153723.574, 1591153723.625, 1591153723.625, 1591153723.627, 1591153723.658, 1591153723.658, 1591153723.68
512, 2, 3, 60, 1591153723.68, 1591153725.338, 1591153725.339, 1591153725.339, 1591153725.371, 1591153725.371, 1591153725.373, 1591153725.373, 1591153725.373, 1591153725.374
512, 2, 3, 61, 1591153725.374, 1591153727.49, 1591153727.492, 1591153727.492, 1591153727.521, 1591153727.521, 1591153727.522, 1591153727.523, 1591153727.523, 1591153727.575
512, 2, 3, 62, 1591153727.575, 1591153727.575, 1591153727.576, 1591153727.576, 1591153727.622, 1591153727.622, 1591153727.624, 1591153727.653, 1591153727.654, 1591153727.701
512, 2, 3, 63, 1591153727.701, 1591153728.163, 1591153728.165, 1591153728.165, 1591153728.218, 1591153728.218, 1591153728.22, 1591153728.231, 1591153728.232, 1591153728.288
512, 2, 3, 64, 1591153728.288, 1591153728.288, 1591153728.29, 1591153728.29, 1591153728.347, 1591153728.347, 1591153728.349, 1591153728.349, 1591153728.349, 1591153728.398
512, 2, 3, 65, 1591153728.398, 1591153728.398, 1591153728.399, 1591153728.399, 1591153728.468, 1591153728.468, 1591153728.474, 1591153728.474, 1591153728.474, 1591153728.475
